# NaviGrammar lexicon. Generated by Scripts/build_grammar_lexicon.py; do not edit by hand.
# source	https://tirea.learnnavi.org/dictionarydata/dictionary-v2.txt
# retrieved	2026-09-26
# sha256	b6f9d7b3b9497c7849fbb9d756d2f4f6e2cc79a4458221fdcea664933a194968
# entries	3045
# credit	LearnNavi Na'vi dictionary, compiled by Roland "Tìtstewan" R. S. et al., originally created by Richard Littauer. The Na'vi language was created by Dr. Paul Frommer.
id	navi	pos	infixes	grammar	en
4	'ampi	vtr.	'<0><1>amp<2>i		touch
8	'angtsìk	n.			hammerhead
12	'aw	num.			one
20	'awkx	n.			cliff
24	'awpo	pn.			one individual
28	'awsiteng	adv.			together
32	'awve	num.			first (ordinal)
36	'e'al	adj.			worst
44	'eko	vtr.	'<0><1>ek<2>o		attack
48	'ekong	n.			beat (rhythmic)
52	'engeng	adj.			level
56	'eveng	n.			child
60	'evi	n.			kid (affectionate form of 'eveng)
64	'ewan	adj.			young
68	'eylan	n.			friend
76	'ì'awn	vin.	'<0><1>ì'<2>awn		remain, stay
80	'ìheyu	n.			spiral
84	'Ìnglìsì	n.		loanword	English language
88	'it	n.			bit, a small amount
92	'itan	n.			son
96	'ite	n.			daughter
100	'ok	n.			remembrance
104	'ong	vin.	'<0><1><2>ong		unfold, blossom
108	'u	n.			thing (object, fact, abstraction)
112	'upe	inter.			what (thing)
116	'upxare	n.			message
120	a	part.			clause-level attributive marker
128	alaksi	adj.			ready
140	lìm	vin.	l<0><1><2>ìm		be far
152	apxa	adj.			large
160	atan	n.			light
172	atokirina'	n.			seeds of the great tree
176	atxkxe	n.			land
180	au	n.			drum (made of skin)
184	aungia	n.			sign, omen
188	awaiei	n.			banshee of paradise
192	awnga	pn.			we, us (inclusive)
204	ayfo	pn.		genitive=ayfeyä	they
208	aynga	pn.			you all, you (pl.)
212	ayoe	pn.			we, us (exclusive)
216	ayoeng	pn.			we, us (inclusive)
224	äie	n.			vision (spiritual)
240	äo	adp.			under, below
244	ätxäle	n.			request
248	ätxäle si	vin.	ätxäle s<0><1><2>i		request (with tsnì clause for object)
256	ean	adj.			blue, green
264	eltu	n.			brain
268	eltu si	vin.	eltu s<0><1><2>i		pay attention, quit goofing off
272	eltungawng	n.			brainworm, glow worm
280	emza'u	vtr.	emz<0><1>a'<2>u		pass (a test), overcome
284	eo	adp.			before, in front of (place)
296	eyawr	adj.			correct, right
300	eyaye	n.			warbonnet
304	eyk	vtr.	<0><1><2>eyk		lead
308	eyktan	n.			leader
324	fa	adp.			with, by means of
328	fahew	n.			smell
348	fìfya	adv.			this way, like this
352	fìkem	pn.			this (action)
356	fìpo	pn.			this one person or thing
360	fìtxan	adv.			so, to such an extent
364	fìtseng	adv., n.			here, this place
365	fìtsenge	adv., n.			here, this place
368	fì'u	pn.			this (thing)
372	fkarut	vtr.	fk<0><1>ar<2>ut		peel
376	fkew	adj.			mighty
380	fko	pn.			one, they (singular usage) (unspecified agent)
384	flä	vin.	fl<0><1><2>ä		succeed
388	fmawn	n.			news, something to report
392	fmetok	vtr.	fm<0><1>et<2>ok		test
396	fmi	vtrm.	fm<0><1><2>i		try, attempt
400	fngap	n.			metal
404	fngapsutxwll	n.			metalfollowing plant
408	fnu	vin.	fn<0><1><2>u		quiet, be quiet
412	fo	pn.		genitive=feyä	they
416	fpak	vin.	fp<0><1><2>ak		hold off, suspend action
420	fpe'	vtr.	fp<0><1><2>e'		send
424	fpeio	n.			challenge (ceremonial)
428	fpi+	adp.			for the sake of, for the benefit of
432	fpìl	vtr.	fp<0><1><2>ìl		think
436	fpom	n.			well-being, peace, happiness
440	fpxafaw	n.			medusa
444	fpxäkìm	vin.	fpx<0><1>äk<2>ìm		enter
452	fra'u	pn.			everything
456	frakrr	adv.			always, all the time
460	frapo	pn.			everyone
464	frrfen	vtr.	f<0><1>rrf<2>en		visit
468	frrtu	n.			guest, visitor
472	ftang	vim.	ft<0><1><2>ang		stop
476	fte	conj.			so that, in order to
480	fteke	conj.			so that not, lest
484	ftia	vtr.	ft<0><1>i<2>a		study
488	ftxì	n.			tongue
492	ftxozä	n.			celebration, happy occasion
496	ftu	adp.			from (direction)
500	ftue	adj.			easy, simple
504	ftxavang	adj.			passionate
508	ftxey	vtr.	ftx<0><1><2>ey		choose
512	fu	conj.			or
516	futa	sbd.			that (patientive)
520	fwa	sbd.			that (subjective/nominal)
528	fya'o	n.			path, way, manner
532	fyape	inter.			how
536	fyawìntxu	vin.	fyaw<0><1>ìntx<2>u		guide (with dative of thing guided)
540	ha	conj.			so, in that case
544	hahaw	vin.	h<0><1>ah<2>aw		sleep
548	hapxì	n.			part
552	hasey	adj.			done, finished
556	hawnu	vtr.	h<0><1>awn<2>u		protect, shelter
560	hì'i	adj.			small, little (in size)
564	hiyìk	adj.			funny, strange
568	hol	adj.			few
572	holpxay	n.			number
576	hrrap	n.			danger
580	hu	adp.			with (accompaniment)
584	hufwe	n.			wind
588	hum	vin.	h<0><1><2>um		leave, depart
592	i'en	n.			stringed instrument
604	ikran	n.			banshee
608	ikranay	n.			forest banshee
612	ioang	n.			animal, beast
616	irayo	n., intj.			thank you, thanks
648	ìlä+	adp.			by, via, following, according to
676	ka	adp.			across, covering thoroughly
680	kä	vin.	k<0><1><2>ä		go
684	kali'weya	n.			species of venomous arachnid
688	kalin	adj.			sweet to the taste
692	kaltxì	intj.			hello
696	kämakto	vin.	käm<0><1>akt<2>o		ride out
700	kame	vtr.	k<0><1>am<2>e		see, see into, understand, know (spiritual sense)
704	kan	vtrm.	k<0><1><2>an		aim, to intend; aim, to direct a weapon or other object at a target
708	kangay	adj.			valid
712	kar	vtr.	k<0><1><2>ar		teach
716	karyu	n.			teacher
720	kato	n.			rhythm
728	kawkrr	adv.			never
732	kawng	adj.			bad, evil
736	kawtu	pn.			no-one, nobody
740	ke	adv.			not
748	ke'u	pn.			nothing
752	kehe	part., intj.			no
756	kelku	n.			home, house
760	kelku si	vin.	kelku s<0><1><2>i		live, dwell
768	kem	n.			thing (action), deed
772	kempe	inter.			what (action)
776	kenong	vtr.	k<0><1>en<2>ong		model, represent, exemplify (ii)
780	kerusey	adj.			dead
784	ketuwong	n.			alien
788	kewong	adj.			alien
792	keye'ung	n.			insanity
800	kifkey	n.			world (physical, solid)
804	kilvan	n.			river
808	kìm	vtr.	k<0><1><2>ìm		spin, to spin (something)
812	kin	vtr.	k<0><1><2>in		need
820	kinam	n.			leg
824	kinamtil	n.			knee
828	kìng	n.			thread
832	kip	adp.			among
836	kìte'e	n.			service
848	kllfro'	vin.	kllfr<0><1><2>o'		be responsible
852	kllkulat	vtr.	kllk<0><1>ul<2>at		dig up
856	kllkxem	vin.	kllkx<0><1><2>em		stand
860	kllpxìltu	n.			territory
864	kllte	n.			ground
868	ko	part.			solicit agreement
872	kop	adv.			too, also, additionally
876	koren	n.			rule, guideline
880	krr	n.			time
888	krrnekx	vin.	krrn<0><1><2>ekx		take/consume time (ii)
892	krrpe	inter.			when
896	kunsìp	n.			gunship
900	kurakx	vtr.	k<0><1>ur<2>akx		drive out
904	kxam	n.			middle, midpoint
908	kxamtseng	n.			center, place in the middle
912	kxangangang	intj.			boom (onomatopoeic)
916	kxanì	adj.			forbidden
920	kxawm	adv.			perhaps, maybe
924	kxener	n.			smoke
928	kxetse	n.			tail
932	kxeyey	n.			error, mistake
936	kxll	n.			charge, running attack
952	lahe	adj.			other, else
956	lam	vin.	l<0><1><2>am		seem, appear
960	lapo	pn.			other one person or thing
964	latem	vin.	l<0><1>at<2>em		change
968	law	adj.			clear, certain
976	lefpom	adj.			happy, peaceful, joyous, pleasant
980	lertu	n.			colleague
984	letrr	adj.			daily
988	letsunslu	adj.			possible
996	lì'u	n.			word
1000	lì'fya	n.			language
1008	lok	vtr.	l<0><1><2>ok		approach
1020	lonu	vtr.	l<0><1>on<2>u		release, let go
1024	lor	adj.			beautiful, pleasant to the senses
1028	loreyu	n.			helicoradian, beautiful spiral
1036	lrrtok	n.			smile
1040	lrrtok si	vin.	lrrtok s<0><1><2>i		smile
1044	lu	vin.	l<0><1><2>u		be, am, is, are
1048	lun	n.			reason
1052	lumpe	inter.			why
1056	ma	part.			vocative marker used to indicate whom the speaker is addressing. Can be used with a name (e.g. ma Neytiri) or another noun (e.g. ma karyu). Optional with animals.
1060	makto	vtr.	m<0><1>akt<2>o		ride
1068	mawey	adj.			calm
1076	mefo	pn.		genitive=mefeyä	they, those two
1080	menari	n.			eyes (two)
1084	meoauniaea	n.			harmony, living at one with nature
1088	meuia	n.			honor
1092	meyp	adj.			weak
1096	mi	adv.			still, as before, yet
1100	mip	adj.			new
1104	mikyun	n.			ear
1108	mì+	adp.			in, on
1112	mìn	vin.	m<0><1><2>ìn		turn, rotate on an axis
1116	mìso	adv.			away (position)
1120	mllte	vin.	m<0><1>llt<2>e		agree
1132	moe	pn.			we two, us two (exclusive)
1136	mokri	n.			voice
1144	muiä	adj.			proper, fair, right, justified
1148	mun'i	vtr.	m<0><1>un'<2>i		cut
1152	mune	num.			two
1156	munge	vtr.	m<0><1>ung<2>e		take, bring
1160	mungwrr	adp.			except
1164	muntxa	adj.			mated, married
1168	na	adp.			like, as
1172	na'rìng	n.			forest
1176	Na'vi	prop.n.			the People, indigenous Pandoran sentient race
1180	nang	part.			surprise, exclamation, encouragement (mirative)
1184	nantang	n.			viperwolf Caniferratus costatus, striped armored wolf
1188	nari	n.			eye
1192	nari si	vin.	nari s<0><1><2>i		watch out, be careful
1196	nawm	adj.			great, noble
1200	ne	adp.			to, towards (direction)
1208	ne'ìm	adv.			back (direction)
1212	nekx	vtr.	n<0><1><2>ekx		burn, consume
1220	neto	adv.			away (direction)
1224	new	vtrm.	n<0><1><2>ew		want
1232	niä	vtr.	n<0><1>i<2>ä		grab
1244	nì'aw	adv.			only, just
1248	nìawnomum	adv.			as you know, as is known (casual speech naw-NO-mum)
1252	nì'awtu	adv.			alone (as one person)
1256	nì'awve	adv.			first
1260	nì'it	adv.			a bit, a small amount (abstract)
1264	nì'ul	adv.			more
1268	nìayoeng	adv.			like us, as we do (casual speech nay-WENG)
1272	nìftue	adv.			easily
1276	nìftxavang	adv.			passionately, with all heart
1280	nìhawng	adv.			too, excessively
1284	nìltsan	adv.			well
1288	nìmun	adv.			again
1292	nìn	vtr.	n<0><1><2>ìn		look at
1296	nìngay	adv.			truly
1300	nìtam	adv.			enough
1304	nìteng	adv.			too, also, as well, likewise
1308	nìtut	adv.			continually
1312	nìtxan	adv.			much (abstract), very
1316	nìwin	adv.			fast, quickly
1320	nìwotx	adv.			all (of), in toto, completely
1332	nulkrr	adv.			longer (time)
1336	nulnew	vtrm.	nuln<0><1><2>ew		prefer (ii)
1340	nume	vin.	n<0><1>um<2>e		learn
1348	nga	pn.			you
1352	ngawng	n.			worm
1356	ngay	adj.			true
1360	ngenga	pn.			you (honorific form)
1364	ngim	adj.			long (physical length)
1368	ngop	vtr.	ng<0><1><2>op		create
1372	ngrr	n.			root
1376	nguway	n.			howl, viperwolf cry
1380	oe	pn.			I, me
1384	oeng	pn.			we two, us two (dual inclusive), you and I
1388	oeyk	n.			cause
1392	ohe	pn.			I (deferential or ceremonial form)
1404	olo'	n.			clan
1408	olo'eyktan	n.			clan leader
1420	omum	vtr.	<0><1>om<2>um		know
1428	ontu	n.			nose
1432	pähem	vin.	p<0><1>äh<2>em		arrive
1436	pak	part.			disparagement
1440	pa'li	n.			direhorse
1444	palulukan	n.			thanator
1448	pam	n.			sound
1452	pamtseo	n.			music
1456	pamtseowll	n.			cat ear, music plant
1460	pängkxo	vin.	p<0><1>ängkx<2>o		chat, converse, have a conversation
1468	pänutìng	vtr.	pänut<0><1><2>ìng		promise (a thing to someone) (ii)
1472	pätsì	n.		loanword	badge
1476	pawm	vtr.	p<0><1><2>awm		ask (can take quotes using "san")
1480	pay	n.			water, liquid
1484	paywll	n.			water plant, dapophet
1492	pe'un	vtr.	p<0><1>e'<2>un		decide
1496	pefya	inter.			how
1500	pehem	inter.			what (action)
1504	pehrr	inter.			when
1508	pelun	inter.			why
1512	peng	vtr.	p<0><1><2>eng		tell
1516	penghrrap	n.			binary sunshine, fringed lamp
1520	peseng	inter.			where
1524	pesu	inter.			who
1528	peu	inter.			what (thing)
1532	pey	vin.	p<0><1><2>ey		wait, wait for
1540	pizayu	n.			ancestor
1544	plltxe	vtr.	p<0><1>lltx<2>e		speak, say (can take quotes using "san")
1548	po	pn.		genitive=peyä	he, she
1552	poan	pn.			he (no plural form: use (ay)fo)
1556	poe	pn.			she (no plural form: use (ay)fo)
1560	pongu	n.			a group or party of people
1564	prrnen	n.			infant, baby
1568	prrnesyul	n.			bud
1572	prrte'	adj.			pleasurable (of an activity)
1580	pxan	adj.			worthy
1584	pxasìk	intj.			screw that!, no way! (vulgar)
1588	pxasul	adj.			fresh, appealing as food
1592	pxay	adj.			many (can be used on singular and plural nouns)
1604	pxey	num.			three
1608	pxi	adj.			sharp (as a point)
1612	pxìm	adv.			often
1616	pxiut	n.			razor palm, sharp tree
1620	pxorna'	n.			episoth, exploding seed
1624	pxun	n.			arm
1628	pxuntil	n.			elbow
1632	rä'ä	part.			do not (for negative imperatives, commands only)
1640	ral	n.			meaning (logical, literal)
1644	ralpeng	vtr.	ralp<0><1><2>eng		interpret, translate (ii)
1656	rawke	intj.			alarm cry, call to defense
1660	rel	n.			image, picture
1664	reltseo	n.			visual art
1668	reltseotu	n.			artist (visual)
1672	renu	n.			pattern
1676	rey	vin.	r<0><1><2>ey		live
1684	rikx	vin.	r<0><1><2>ikx		move, shift position
1688	rim	adj.			yellow
1692	rina'	n.			seed
1696	riti	n.			stingbat
1700	rol	vin.	r<0><1><2>ol		sing
1708	ronsem	n.			mind
1716	rum	n.			ball
1720	rumut	n.			puffball tree, Obesus rotundus
1724	run	vtr.	r<0><1><2>un		find, discover
1728	rutxe	intj.			please
1736	sa'nok	n.			mother
1740	sa'nu	n.			mum, mommy (affectionate form of sa'nok)
1748	san	adv.			saying, quote
1752	sänume	n.			teaching, instruction
1756	säspxin	n.			disease, sickness, illness
1760	sempu	n.			daddy (affectionate form of sempul)
1764	sempul	n.			father
1768	set	adv.			now
1772	sevin	adj.			pretty
1776	seyri	n.			lip
1784	seze	n.			blue flower
1788	si	vin.	s<0><1><2>i		auxiliary verb, postpositional nonbound verb do, make
1792	sì	part.			and (for making lists of words with same part of speech, can be attached as --sì; for clauses, use ulte)
1796	sìk	adv.			unquote
1800	sìlpey	vin.	sìlp<0><1><2>ey		hope (with tsnì for thing hoped, unless in independent clause) (ii)
1804	sìlronsem	adj.			clever, smart (thing)
1808	sìltsan	adj.			good (of its kind), well done
1820	ska'a	vtr.	sk<0><1>a'<2>a		destroy
1824	skxawng	n.			moron, idiot
1828	slä	conj.			but
1832	slu	vin.	sl<0><1><2>u		become (noun predicate with ne in ambiguous constructions)
1836	sngä'i	vim.	sng<0><1>ä'<2>i		begin, start
1840	sngä'ikrr	n.			beginning, starting time
1844	sngel	n.			garbage, trash, rubbish
1848	sngeltseng	n.			rubbish place, garbage dump
1852	snumìna	adj.			dim (of intelligence), dim-witted, stupid
1856	som	adj.			hot
1860	somtìlor	n.			popsicle, hot beauty
1864	spaw	vtr.	sp<0><1><2>aw		believe
1868	spxam	n.			mushroom, fungus
1872	spe'e	vtr.	sp<0><1>e'<2>e		capture
1876	spe'etu	n.			captive
1880	spxin	adj.			sick
1884	srak	part.			inter. marker for yes or no questions (at the end of a clause)
1885	srake	part.			inter. marker for yes or no questions (at the beginning of a clause)
1888	srane	part., intj.			yes
1892	srew	vin.	sr<0><1><2>ew		dance
1896	srung	n.			help, assistance
1900	stawm	vtr.	st<0><1><2>awm		hear
1904	steftxaw	vtr.	st<0><1>eftx<2>aw		examine, check
1908	stum	adv.			almost
1912	sutx	vtr.	s<0><1><2>utx		track, follow
1916	swaw	n.			moment
1920	swey	adj.			best
1924	swirä	n.			creature
1928	swizaw	n.			arrow
1932	swok	adj.			sacred
1936	swotu	n.			sacred place
1944	syaw	vin.	sy<0><1><2>aw		call
1948	syulang	n.			flower
1956	ta	adp.			from (locative), from (temporal sense with other time words)
1960	ta'em	adv.			from above
1964	tafral	adv.			therefore, because of that
1968	täftxu	vtr.	t<0><1>äftx<2>u		weave
1972	täftxuyu	n.			weaver
1976	takuk	vtr.	t<0><1>ak<2>uk		strike, beat, slap
1980	talioang	n.			sturmbeest
1984	talun	conj.			because
1985	taluna	conj.			because
1988	tam	vin., intj.	t<0><1><2>am		that will suffice, that will do, OK
1992	tam tam	intj.			calm, be content, there there
1996	tangek	n.			trunk (of a tree)
2000	tanhì	n.			star, bioluminescent freckle
2004	taron	vtr.	t<0><1>ar<2>on		hunt
2008	taronyu	n.			hunter
2016	tautral	n.			sky tree
2020	taw	n.			sky
2024	taweyk	conj.			because
2025	taweyka	conj.			because
2032	tawsìp	n.			skyship
2036	tawng	vin.	t<0><1><2>awng		duck, dive
2040	tawtsngal	n.			panopyra, sky cup
2044	tawtute	n.			sky-person, human
2048	te	part.			used in full names
2056	tel	vtr.	t<0><1><2>el		receive
2060	telem	n.			cord
2064	teng	adj.			same, equal
2068	tengfya	conj.			as, same way as (situational similarity)
2072	tengkrr	conj.			while, same time as
2080	teri	adp.			about, concerning
2084	terkup	vin.	t<0><1>erk<2>up		die
2088	teswotìng	vtr.	teswot<0><1><2>ìng		grant (ii)
2092	teya	adj.			full
2096	teylu	n.			beetle larva
2100	tewti	intj.			wow, expression of surprise and pleasure
2108	til	n.			joint, hinge
2116	tirea	n.			spirit
2120	tireafya'o	n.			spirit path
2124	tireaioang	n.			spirit animal
2128	tireapängkxo	vin.	tireap<0><1>ängkx<2>o		commune
2136	tì'eyng	n.			answer, response
2140	tìfmetok	n.			test
2144	tìftang	n.			stopping, the glottal stop
2148	tìfyawìntxu	n.			guidance
2152	tìhawnu	n.			protection
2156	tìkangkem	n.			work
2160	tìkawng	n.			evil
2164	tìkenong	n.			example
2168	tìkin	n.			need
2172	tìlor	n.			beauty
2176	tìng	vtr.	t<0><1><2>ìng		give
2180	tìng mikyun	vin.	t<0><1><2>ìng mikyun		listen
2184	tìng nari	vin.	t<0><1><2>ìng nari		look
2188	tìngay	n.			truth
2192	tìpawm	n.			question
2196	tìran	vin.	t<0><1>ìr<2>an		walk
2200	tìyawn	n.			love
2204	tìrey	n.			life
2208	tìrol	n.			song (vocal)
2212	tìspxin	n.			the state of being ill, sickness
2220	tìtxur	n.			strength, power (physical)
2224	to	part.			comparative marker than (behaves like an adp.)
2232	tok	vtr.	t<0><1><2>ok		be at, occupy a space
2236	toktor	n.			doctor
2240	tokx	n.			body
2244	tompa	n.			rain
2248	toruk	n.			great leonopteryx, last shadow
2252	toruk makto	n.			toruk rider
2256	torukspxam	n.			octoshroom, great leonopteryx fungus
2260	trr	n.			day
2264	trram	adv., n.			yesterday
2276	tukru	n.			spear
2280	tul	vin.	t<0><1><2>ul		run
2284	tung	vtr.	t<0><1><2>ung		allow
2288	tupe	inter.			who
2292	tut	part.			continuation marker
2296	tute	n.			person
2300	tuté	n.			woman
2304	tutan	n.			man
2316	tsa'u	n.			that (thing)
2320	tsaheylu	n.			bond (neural connection)
2328	tsakem	n.			that (action)
2332	tsakrr	adv.			then, at that time, that time
2336	tsam	n.			war
2340	tsampongu	n.			war party
2344	tsamsiyu	n.			warrior
2348	tsap'alute	n.			apology
2352	tsatseng	n.			there, that place
2356	tsatu	n.			that person
2360	tsawke	n.			sun; Alpha Centauri A
2364	tsawl	adj.			big (in size), tall
2368	tsawlapxangrr	n.			unidelta tree, lit. tall large root
2376	tse'a	vtr.	ts<0><1>e'<2>a		see (physical sense)
2380	tseng	n.			place
2381	tsenge	n.			place
2384	tsengpe	inter.			where
2388	tseo	n.			art
2404	tskalep	n.			crossbow
2408	tsko	n.			bow (weapon)
2412	tsko swizaw	n.			bow and arrow
2416	tskxe	n.			rock, stone
2420	tskxekeng	n.			training, exercise, practice
2424	tslam	vtr.	tsl<0><1><2>am		understand
2428	tsleng	adj.			false
2432	tslolam	intj.			get it, I understand
2436	tsmuk	n.			sibling
2440	tsmuktu	n.			sibling
2444	tsmukan	n.			brother
2448	tsmuke	n.			sister
2452	tsnì	sbd.			that (function word)
2456	tsngal	n.			cup
2460	tspang	vtr.	tsp<0><1><2>ang		kill
2464	tsranten	vin.	tsr<0><1>ant<2>en		matter, be of importance
2468	tstew	adj.			brave, courageous (ofp)
2472	tstxo	n.			name
2476	tsun	vim.	ts<0><1><2>un		can, be able
2484	tswayon	vin.	tsw<0><1>ay<2>on		fly
2488	tsyal	n.			wing
2492	tsyo	n.			flour
2496	tsyorina'wll	n.			cycad, flour seed plant
2500	txan	adj.			much
2504	txantsan	adj.			excellent
2508	txantslusam	adj.			wise
2512	txe'lan	n.			heart
2516	txele	n.			matter (subject)
2520	txen	adj.			awake
2524	txep	n.			fire
2528	txewk	n.			club (weapon)
2532	txey	vin.	tx<0><1><2>ey		halt
2536	txìm	n.			butt, rear end, ass
2540	txìng	vtr.	tx<0><1><2>ìng		leave, abandon
2544	txll'u	n.			hookagourd
2548	txo	conj.			if
2552	txoa	n.			forgiveness
2556	txokefyaw	conj.			if not, or else, otherwise
2560	txon	n.			night
2564	txopu	n.			fear
2568	txula	vtr.	tx<0><1>ul<2>a		build, construct
2572	txum	n.			poison
2576	txumpaywll	n.			scorpion thistle, poison water plant
2580	txumtsä'wll	n.			Baja tickler, poisonsquirting plant
2584	txur	adj.			strong (physically)
2592	ulte	conj.			and (clausal conjunction)
2596	ultxa	n.			meeting
2600	unil	n.			dream
2608	uniltìrantokx	n.			avatar, dreamwalker body
2612	uniltìranyu	n.			dreamwalker
2628	utral	n.			tree
2644	uvan	n.			game
2648	uvan si	vin.	uvan s<0><1><2>i		play (a game)
2656	vay	adp.			up to
2660	virä	vin.	v<0><1>ir<2>ä		spread, proliferate
2684	vrrtep	n.			demon
2688	vul	n.			branch (of a tree)
2692	way	n.			song (ancient, ceremonial)
2696	waytelem	n.			song cord
2700	win	adj.			fast
2704	wìntxu	vtr.	w<0><1>ìntx<2>u		show
2708	'ewll	n.			plant
2716	wrrpa	adv., n.			outside
2720	wutso	n.			dinner, served meal
2724	ya	n.			air
2732	yawne	adj.			beloved
2736	ye'rìn	adv.			soon
2744	yerik	n.			hexapede
2748	yey	adj.			straight
2752	yìm	vtr.	y<0><1><2>ìm		bind
2756	yol	adj.			short (of time)
2760	yom	vtr.	y<0><1><2>om		eat
2764	yomhì'ang	n.			small animal/insect eater, dakteron
2768	yomioang	n.			chalice plant
2772	yomtìng	vin.	yomt<0><1><2>ìng		feed (with dative object) (ii)
2780	yur	vtr.	y<0><1><2>ur		wash
2788	za'ärìp	vtr.	za'<0><1>är<2>ìp		pull
2792	za'u	vin.	z<0><1>a'<2>u		come
2800	zamunge	vtr.	zam<0><1>ung<2>e		bring
2804	zawng	vin.	z<0><1><2>awng		scream
2808	zekwä	n.			finger
2812	zene	vim.	z<0><1>en<2>e		must
2816	zìsìt	n.			year
2820	zong	vtr.	z<0><1><2>ong		save, defend
2824	zongtseng	n.			safe place, refuge (physical)
2828	zoplo	n.			offence, insult
2830	zoplo si	vin.	zoplo s<0><1><2>i		offend, insult
2832	zusawkrr	n.			future
3064	TsyeykSuli	prop.n.			Jake Sully
3664	'ärìp	vtr.	'<0><1>är<2>ìp		move
3668	'awstengyem	vtr.	'awstengy<0><1><2>em		bind / bring two or more things together (ii)
3672	'efu	vtr.	'<0><1>ef<2>u		feel, sense, perceive
3676	'em	vtr.	'<0><1><2>em		cook
3680	'eyng	vin.	'<0><1><2>eyng		answer, respond, respond to
3684	'i'a	vin.	'<0><1>i'<2>a		end, conclude
3688	'ia	vin.	'<0><1>i<2>a		lose oneself (spiritual sense)
3696	fkxake	vin.	fkx<0><1>ak<2>e		itch
3700	fmal	vtr.	fm<0><1><2>al		sustain
3704	frìp	vtr.	fr<0><1><2>ìp		bite
3708	ftem	vtr.	ft<0><1><2>em		pass by (something)
3712	fwew	vtr.	fw<0><1><2>ew		look for, seek, search
3716	hangham	vin.	h<0><1>angh<2>am		laugh
3720	vaykrr	conj.			until
3740	sngap	vtr.	sng<0><1><2>ap		sting
3744	hawl	vtr.	h<0><1><2>awl		prepare
3748	kä'ärìp	vtr.	kä'<0><1>är<2>ìp		push
3752	kavuk si	vin.	kavuk s<0><1><2>i		betray
3756	kllkä	vin.	kllk<0><1><2>ä		go down, descend
3760	latsi	vin.	l<0><1>ats<2>i		keep up with someone
3764	lek	vtr.	l<0><1><2>ek		heed, obey
3768	len	vin.	l<0><1><2>en		happen, occur
3772	lew si	vin.	lew s<0><1><2>i		cover
3776	muntxa si	vin.	muntxa s<0><1><2>i		mate (with someone), marry
3780	näk	vtr.	n<0><1><2>äk		drink
3784	nong	vtr.	n<0><1><2>ong		follow, proceed after
3788	oeyktìng	vtr.	oeykt<0><1><2>ìng		explain (ii)
3792	pate	vin.	p<0><1>at<2>e		get to a place, arrive
3796	piak si	vin.	piak s<0><1><2>i		open
3800	pom	vtr.	p<0><1><2>om		kiss
3804	pxor	vin.	px<0><1><2>or		explode
3808	salew	vin.	s<0><1>al<2>ew		proceed, go
3812	sar	vtr.	s<0><1><2>ar		use
3816	sim	vin.	s<0><1><2>im		be near
3820	sleyku	vtr.	sleyk<0><1><2>u		produce
3824	sop	vin.	s<0><1><2>op		travel
3828	spä	vin.	sp<0><1><2>ä		jump
3832	speng	vtr.	sp<0><1><2>eng		restore
3836	spule	vtr.	sp<0><1>ul<2>e		propel
3840	srese'a	vtr.	sres<0><1>e'<2>a		prophetize, prophesize, prophesy, predict
3844	steyki	vtr.	steyk<0><1><2>i		anger, make someone angry
3848	sti	vin.	st<0><1><2>i		anger (intransitive), be angry
3852	sto	vtrm.	st<0><1><2>o		refuse (to do something)
3856	sung	vtr.	s<0><1><2>ung		add
3860	syep	vtr.	sy<0><1><2>ep		trap
3864	tatep	vtr.	t<0><1>at<2>ep		lose track, lose awareness of something
3868	tätxaw	vin.	t<0><1>ätx<2>aw		return
3872	tem	vin.	t<0><1><2>em		shoot
3876	tì'awm si	vin.	tì'awm s<0><1><2>i		camp
3880	tì'awm	n.			camping
3884	tìkangkem si	vin.	tìkangkem s<0><1><2>i		work
3888	tìng tseng	vin.	t<0><1><2>ìng tseng		back down, give ground
3892	tìsraw seyki	vtr.	tìsraw seyk<0><1><2>i		hurt (someone or something)
3896	tìsraw	n.			pain
3900	tìsraw si	vin.	tìsraw s<0><1><2>i		hurt, be painful
3904	toltem	vtr.	t<0><1>olt<2>em		shoot
3908	tsä'	vin.	ts<0><1><2>ä'		squirt
3912	tsaheyl si	vin.	tsaheyl s<0><1><2>i		bond, establish a neural connection
3916	tsap'alute si	vin.	tsap'alute s<0><1><2>i		apologise (apologize)
3920	tsawl slu	vin.	tsawl sl<0><1><2>u		grow
3924	tsngawvìk	vin.	tsng<0><1>awv<2>ìk		cry, weep
3928	tsre'i	vtr.	tsr<0><1>e'<2>i		throw
3932	tstu si	vin.	tstu s<0><1><2>i		close
3936	tsunslu	vin.	ts<0><1>unsl<2>u		may, be possible
3940	tsurokx	vin.	ts<0><1>ur<2>okx		rest
3944	tungzup	vtr.	t<0><1>ungz<2>up		drop
3948	wem	vin.	w<0><1><2>em		fight
3952	win säpi	vin.	win säp<0><1><2>i		hurry
3956	win si	vin.	win s<0><1><2>i		rush something, make something fast
3960	yän	vtr.	y<0><1><2>än		fasten, tie down
3964	yem	vtr.	y<0><1><2>em		put, place
3968	zenke	vim.	z<0><1>en<2>ke		must not (ii)
3972	zup	vin.	z<0><1><2>up		fall
3976	nekll	adv.			down (direction)
3980	srung si	vin.	srung s<0><1><2>i		help
3984	txopu si	vin.	txopu s<0><1><2>i		be afraid
4008	fkip	adp.			up among
4016	io	adp.			over, above
4020	kxamlä	adp.			through (via the middle of)
4024	lok	adp.			close to
4028	maw	adp.			after (time)
4032	mìkam	adp.			between
4036	nemfa	adp.			into, inside
4040	pxaw	adp.			around
4044	pxel	adp.			like, as
4048	sìn	adp.			on, onto
4052	takip	adp.			from among
4056	uo	adp.			behind
4060	luke	adp.			without
4064	tafkip	adp.			from up among
4068	ro+	adp.			at (locative)
4072	sre+	adp.			before (time)
4076	wä+	adp.			against (as in: fight against)
4084	fäpa	n.			top
4088	alìm	adv.			far away, at a distance
4100	kxu	n.			harm
4104	eltu lefngap	n.			computer
4108	kì'ong	adj.			slow
4112	säfpìl	n.			idea
4116	kefyak	part.			isn't it?, right?
4124	prrwll	n.			moss
4128	pängkxoyu lekoren	n.			lawyer
4132	pamrel	n.			writing
4136	pamrel si	vin.	pamrel s<0><1><2>i		write
4140	furia	sbd.			that (topical)
4144	fratseng	adv.			everywhere
4148	fratrr	adv.			daily, every day
4152	frato	part.			superlative marker than all
4156	trray	adv., n.			tomorrow
4160	kea	adj.			no (before a noun)
4164	ngian	adv.			however
4168	skepek	adj.			formal
4172	hufwa	conj.			although, though
4176	tup	conj.			instead of, rather than
4180	'uo	pn.			something
4184	tuteo	pn.			somebody, someone
4188	tsengo	pn.			somewhere
4192	holpxaype	inter.			how many
4196	hìm	adj.			small (in quantity)
4200	hìmtxampe	inter.			how much
4204	hìmtxan	n.			amount
4208	pìmtxan	inter.			how much
4212	lì'upe	inter.			what (word, utterance)
4216	pelì'u	inter.			what (word, utterance)
4220	ultxarun	vtr.	ultxar<0><1><2>un		encounter, meet by chance (ii)
4224	ultxa si	vin.	ultxa s<0><1><2>i		meet with someone intentionally (use hu with)
4228	rangal	vin.	r<0><1>ang<2>al		wish
4232	nìrangal	adv.			wish (contrary to fact, with perfective or imperfective subjunctive)
4236	txepvi	n.			spark
4240	nitram	adj.			happy (of people)
4244	fewi	vtr.	f<0><1>ew<2>i		chase
4248	stä'nì	vtr.	st<0><1>ä'n<2>ì		catch
4272	sran	part., intj.			yes (colloquial)
4276	weyn	vtr.	w<0><1><2>eyn		draw, illustrate
4280	fìtrr	adv.			today
4284	rusey	adj., n.			alive, living, living thing
4288	vitra	n.			soul
4292	nìzawnong	adv.			safely
4296	ftawnemkrr	n.			past
4304	txal	n.			back (of the body)
4308	tsìng	num.			four
4312	mrr	num.			five
4316	pukap	num.			six
4320	kinä	num.			seven
4324	vol	num.			eight
4328	zam	num.			sixty four
4332	tìoeyktìng	n.			explanation
4336	lesar	adj.			useful
4340	tse	part.			well (conversation starter)
4344	skxom	n.			chance, opportunity
4348	fkxen	n.			vegetable (food)
4352	syä'ä	adj.			bitter
4356	yemfpay si	vin.	yemfpay s<0><1><2>i		dip into liquid
4360	yemfpay	n.			dipping, immersion (into liquid)
4364	keng	adv.			even, so much as
4368	'awlo	adv.			once, one time (numerical, not more than once)
4372	melo	adv.			twice
4380	heyn	vin.	h<0><1><2>eyn		sit
4384	nìpxim	adv.			erectly, rightly
4388	pxim	adj.			erect, upright
4392	tuvon	vin.	t<0><1>uv<2>on		lean
4396	nìfya'o	adv.			in a manner
4400	letrrtrr	adj.			ordinary
4404	nì'eoio	adv.			ceremoniously
4408	'eoio	adj.			ceremonious
4412	rìk	n.			leaf
4416	lerìk	adj.			leafy
4424	pa'o	n.			side
4432	kllpa	n.			bottom
4436	mìfa	adv., n.			inside
4440	nefä	adv.			up (direction)
4444	zapxì	n.			front (part or section)
4448	käpxì	n.			rear, back (part or section)
4452	käsatseng	adv.			out there
4456	ftxey	conj.			whether, or
4460	ngaytxoa	intj.			sorry, my apologies (acknowledgment of guilt and regret)
4464	flew	n.			throat
4468	kxa	n.			mouth
4472	nikre	n.			hair
4476	pewn	n.			neck
4480	re'o	n.			head
4484	sre'	n.			tooth
4488	tsuksìm	n.			chin
4492	key	n.			face
4496	puk	n.			book
4500	ngäng	n.			stomach
4504	ta'leng	n.			skin
4508	tsyokx	n.			hand
4512	reypay	n.			blood
4516	tsopì	n.			lung
4520	venu	n.			foot
4524	venzek	n.			toe
4528	ramunong	n.			well
4532	payfya	n.			stream
4536	pxawpa	n.			perimeter, circumference, border
4540	txampay	n.			sea, ocean
4544	'ora	n.			lake
4548	ekxan	n.			barricate, obstruction, barrier
4552	tsim	n.			source
4556	tsray	n.			village
4560	txayo	n.			field, open terrain, plain
4564	ukxo	adj.			dry
4568	wew	adj.			cold
4576	fìtxon	adv., n.			tonight
4580	txonam	adv.			last night
4584	txonay	adv.			tomorrow night
4588	sekrr	n.			present
4592	vur	n.			story
4596	tìpängkxo	n.			conversation, discussion
4600	tìsrese'a	n.			prophecy
4604	nawmtu	n.			great person, noble person
4608	txantstew	n.			hero
4620	syuve	n.			food (collective noun, cannot be pluralized)
4624	tsngan	n.			meat obtained from terrestrial animals
4628	tstal	n.			knife
4632	tete	adj.			dull (as a blade)
4636	lew	n.			cover, lid
4640	'opin	n.			color
4644	leNa'vi	adj.			having to do with the Na'vi, the People
4648	nìNa'vi	adv.			like the Na'vi, Na'vi-ly
4652	hapxìtu	n.			member
4656	'Rrta	prop.n.			Earth
4660	fwäkìwll	n.			mantis orchid
4664	hì'ang	n.			insect
4668	payoang	n.			fish
4672	yayo	n.			bird
4676	zize'	n.			hellfire wasp
4680	kemlì'u	n.			verb
4684	tstxolì'u	n.			noun
4688	ftär	adj.			left (not right)
4692	skien	adj.			right (not left)
4696	'änsyem	adj.			complete
4700	wotx	n.			totality, whole
4704	mowan	adj.			pleasing, enjoyable (physically, sexually)
4708	vä'	adj.			unpleasant to the senses, noisome
4712	tatlam	adv.			apparently
4716	keteng	adj.			different
4720	numtseng	n.			school
4724	skxakep	adj., adv.			probable, probably
4728	tìprrte'	n.			pleasure
4740	kaw'it	adv.			not at all, not a bit (used with ke; see ke kaw'it not...at all in phrases)
4744	nìlkeftang	adv.			continuously, incessantly, without stopping
4748	tì'i'avay	adv.			until the end
4756	'awm	n.			camp
4760	tìska'a	n.			destruction
4764	tìsop	n.			journey
4768	wempongu	n.			squad, military clan, battle party
4772	asim	adv.			nearby, at close range
4776	klltseng	n.			position
4780	kxutu	n.			enemy
4784	mekre	n.			supplies
4788	tìhawl	n.			preparations, plan
4792	tìkan	n.			aim, goal, purpose, target
4796	tìpähem	n.			arrival
4800	numeyu	n.			student
4804	soaia	n.		genitive=soaiä	family (irregular genitive form soaiä)
4808	tìmuntxa	n.			mating, marriage
4812	yawnetu	n.			loved one
4816	yawntu	n.			loved one
4820	kakrel	adj.			blind
4824	kanu	adj.			smart, intelligent (ofp)
4828	koak	adj.			old, aged (for living things)
4832	lekye'ung	adj.			insane, crazy
4836	me'em	adj.			harmonious
4840	txanew	adj.			greedy
4844	txantur	adj.			powerful (physically, ofp)
4848	tì'awpo	n.			individuality (negative connotation), selfishness
4852	tì'eylan	n.			friendship
4856	fkay	adj.			hateful
4860	keltsun	adj.			impossible
4864	kxuke	adj.			safe
4868	lehawng	adj.			excessive
4872	hawng	n.			overabundance
4876	lekin	adj.			necessary
4884	stxong	adj.			strange, unfamiliar, unknown
4888	syen	adj.			last, final (in a sequence)
4892	kavuk	n.			treachery
4896	fpìlfya	n.			thought pattern, way of thinking
4900	syay	n.			fate
4904	tìfnu	n.			quiet, silence
4908	tìngop	n.			abstract idea of a creation
4912	tìpe'un	n.			decision
4916	kxitx	n.			death
4920	trr'awve	n.			Sunday
4924	trrmuve	n.			Monday
4928	trrpxeyve	n.			Tuesday
4932	trrtsìve	n.			Wednesday
4936	trrmrrve	n.			Thursday
4940	trrpuve	n.			Friday
4944	trrkive	n.			Saturday
4948	'ango	adj.			soft (of a sound)
4952	kxayl	adj.			high
4956	rey'eng	n.			the Balance of Life
4960	tìme'em	n.			harmony (general sense)
4964	fnel	n.			kind, type
4972	fnepe	inter.			which kind
4976	pefnel	inter.			which kind
4980	zerok	vtr.	z<0><1>er<2>ok		remember
4984	tswa'	vtr.	tsw<0><1><2>a'		forget
4988	tì'efu	n.			feeling
4996	maweypey	vin.	maweyp<0><1><2>ey		be patient (ii)
5000	tìmweypey	n.			patience
5004	lemweypey	adj.			patient
5008	nìmweypey	adv.			patiently
5012	tsakrrvay	adv.			until then, in the meantime
5016	ohakx	adj.			hungry
5020	tìohakx	n.			hunger
5028	tsyosyu	n.			food made from flour
5032	vey	n.			meat, any food of animal origin (including fowl, fish, insects, eggs, milk)
5036	trrpeve	inter.			which day (derived from trr day and pe interrogative marker and ve ordinal number marker)
5056	pxiswawam	adv.			just a moment ago
5060	pxiset	adv.			right now
5064	pxiswaway	adv.			in just a second from now
5068	pxiye'rìn	adv.			immediately (not as soon as pxiswaway)
5072	pxisre+	adp.			right before
5076	pximaw	adp.			right after
5080	sok	adj.			recent
5084	'awlie	adv.			once (in the past)
5088	tìkxey	n.			incorrectness, mistakeness
5092	tìkxey si	vin.	tìkxey s<0><1><2>i		mess up, foul, do wrong, make a mistake
5100	tìyawr	n.			correctness
5108	tìketeng	n.			difference
5112	fpomtokx	n.			health (physical)
5116	lefpomtokx	adj.			healthy (physically, ofp)
5120	kelfpomtokx	adj.			unhealthy (physically, ofp)
5124	keftxo	adj., intj.			unhappy, upset, "How sad!"
5128	nìkeftxo	adv.			unfortunately, sadly
5132	sraw	adj.			painful
5136	txampxì	n.			majority, most, large part
5140	vurvi	n.			summary, synopsis
5144	sänumvi	n.			lesson
5152	letam	adj.			sufficient
5156	letsranten	adj.			important
5160	nìswey	adv.			optimally, best
5164	nìpxi	adv.			especially, pointedly, unambiguously
5168	wok	adj.			loud
5172	spuwin	adj.			old, former
5176	nì'eyng	adv.			back, in response, in answer
5180	nìkanu	adv.			intelligently, in a smart way
5184	nìlaw	adv.			clearly
5188	tìsti	n.			anger
5192	tìtxanew	n.			greed
5196	tìftxey	n.			choice
5200	tìkanu	n.			intelligence
5204	tìlam	n.			appearance
5208	tìtslam	n.			understanding, intelligence
5212	tìtxula	n.			construction, constructed thing
5216	hewne	adj.			soft (of an object)
5220	tìm	adj.			low
5224	laro	adj.			clean
5228	tsewtx	adj.			dirty
5232	lefngap	adj.			metallic
5236	txa'	adj.			hard
5240	fwel	adj.			broken
5244	etrìp	adj.			favorable, auspicious
5248	piak	adj.			open, clear (for cloudless skies)
5252	tstu	adj.			closed, shut, overcast (for cloudy skies)
5256	kxll si	vin.	kxll s<0><1><2>i		charge
5268	tsaw	pn.		genitive=tseyä	that, it (as intransitive subject)
5272	tsalsungay	adv.			nevertheless, even so, however
5276	oìsss	intj.			angry snarl, "watch it!"
5280	saa	intj.			threatening cry
5284	sau	intj.			exclamation upon exertion, urgh
5288	tsahey	intj.			expression of warning or frustration, "crap!", "ah, hell!"
5292	wiya	intj.			expression of warning or frustration, "damn!"
5296	ìley	intj.			war cry
5304	vawm	adj.			dark
5308	tìvawm	n.			darkness
5312	polpxay	inter.			how many
5316	ke'aw	adj.			divided, torn apart, strife-ridden
5320	nìsti	adv.			angrily
5324	teyr	adj.			white
5328	layon	adj.			black
5340	pänu	n.			promise
5348	kew	num.			zero
5352	'eyt	n.			the symbol 8 (not the value eight)
5356	nayn	n.			the symbol 9 (not the value nine)
5360	trr'ong	n.			dawn, sunrise
5364	trr'ongmaw	n.			dawn after sunrise
5368	rewon	n.			morning
5372	srekamtrr	n.			the time before noon
5376	kxamtrr	n.			mid-day, noon
5380	kxamtrrmaw	n.			the time immediately after noon, early afternoon
5384	ha'ngir	n.			afternoon
5388	kaym	n.			evening (before twilight), late afternoon
5392	sreton'ong	n.			dusk, evening before sunset
5396	txon'ong	n.			nightfall, sunset, dusk, gloaming
5400	txon'ongmaw	n.			twilight, the time before dark, after sunset
5404	srekamtxon	n.			before midnight
5408	kxamtxon	n.			midnight
5412	kxamtxomaw	n.			after midnight
5416	sresrr'ong	n.			before dawn
5424	wou	vin.	w<0><1>o<2>u		be amazing, fascinating (slang)
5428	tsyìräfì	n.		loanword	giraffe
5432	tsawa	sbd.			that (subjective/nominal)
5436	tsata	sbd.			that (patientive)
5440	tsaria	sbd.			that (topical)
5444	alo	n.			time, turn, instance, one of a number of repeated or recurring actions
5448	fralo	adv.			every time, every instance, each time
5452	nìmwey	adv.			calmly, peacefully
5456	ku'up	adj.			heavy (physical weight)
5460	syo	adj.			light (physical weight), lightweight
5464	hay	adj.			next
5468	ham	adj.			previous
5472	matsa	n.			matsa, crackers
5476	hametsì	n.		loanword	leavened bread
5528	tìkangkemvi	n.			project, piece of work
5532	nì'i'a	adv.			finally, at long last
5536	nìsyen	adv.			lastly
5540	pìlok	n.			blog
5544	tsulfätu	n.			master of an art, craft, or skill, expert
5548	tsulfä	n.			mastery
5552	tsulfä si	vin.	tsulfä s<0><1><2>i		master
5556	numtsengvi	n.			classroom, division of a school
5560	rofa	adp.			beside, alongside
5564	pum	pn.			one (refers to any instance of the previously mentioned noun)
5572	Yuesey	prop.n.			U.S.A.
5576	teya si	vin.	teya s<0><1><2>i		fill (with dative of thing filled)
5580	alunta	conj.			because, from the reason
5588	nìprrte'	adv.			pleasurably, gladly, with pleasure
5592	sngä'iyu	n.			beginner
5596	srekrr	adv.			before, already, ahead of time
5600	ayu	n.			things
5604	tsafya	adv.			that way, like that
5608	muve	num.			second (ordinal)
5612	pxeyve	num.			third (ordinal)
5616	tsìve	num.			fourth (ordinal)
5620	mrrve	num.			fifth (ordinal)
5624	puve	num.			sixth (ordinal)
5628	kive	num.			seventh (ordinal)
5632	volve	num.			eighth (ordinal)
5640	tsyänel	n.			TV channel
5644	trrtxon	n.			the day and night cycle of Pandora
5648	au	intj.			exclamation of consternation
5656	pängkxoyu	n.			chatter, converser
5660	lekoren	adj.			lawlike
5664	prrkxentrrkrr	n.			day time smoking pleasure, vibrating tongue (Na'vi idiom)
5668	tìftia	n.			study
5672	tìftia kifkeyä	n.			science, the study of the physical world
5676	pxir	n.			beer
5680	eanean	n.			cheadle, herbaceous plant
5684	'ele'wll	n.			thorny paw, cactus
5688	tstxa'a	n.			canalyd
5692	pa'liwll	n.			direhorse pitcher plant
5696	anìheyu	n.			fibonacci, blue spiral plant
5716	tompawll	n.			geode, rain plant
5720	pxiwll	n.			hermit bud plant
5724	syeptute	n.			hyneman, person trapper
5728	kllpxiwll	n.			lionberry
5732	smaoe	n.			phalanxia, heavily thorned plant
5736	'ä'o	n.			pitcher plant
5740	mulpxar	n.			roosterhead plant
5744	flefle	n.			Sol's delight, magnetotrophic plant
5748	kxaylte	n.			cillaphant
5752	fkxakewll	n.			itch plant
5756	tìhawnuwll	n.			spartan, protection plant
5760	pxorna'lor	n.			sari, beautiful exploding seed plant
5764	pxayzekwä	n.			spiny whips
5768	mìnyu	n.			turner, twisted lily
5776	väfewll	n.			Centipede, badsmell plant
5780	sngukx	n.			grub plant
5784	rawp	n.			bladder polyp
5788	'ampirikx	n.			leaf pitcher plant
5792	apxangrr	n.			delta tree
5796	värumut	n.			vein pod
5920	keyawr	adj.			incorrect, wrong, not right
5924	lehrrap	adj.			dangerous
5928	tìtxen	n.			awakeness, the state of waking
5932	hìrumwll	n.			puffer plant
5936	fwäkì	n.			mantis
5940	fratxon	adv.			every night
5944	hìkrr	n.			second, very short time
5952	mawkrr	adv.			after, afterwards, later
5956	ngeyn	adj.			tired
5960	ngopyu	n.			creator
5964	nìk'ong	adv.			slowly
5968	pamtseotu	n.			musician
5972	sat	pn.			those (as direct object)
5976	tsal	pn.			that, it (as transitive subject)
5980	tsat	pn.			that, it (as transitive direct object)
5984	tsawlhì'	n.			size
5988	lì'fyavi	n.			expression, bit of language
5992	nafì'u	adj.			such
6056	lì'fyaolo'	n.			language group, language users
6092	puktsyìp	n.			pamphlet, booklet
6100	utraltsyìp	n.			bush
6104	säspxintsyìp	n.			minor ailment
6108	'itetsyìp	n.			little daughter (term of endearment)
6112	sa'nutsyìp	n.			little mommy (used for young girls)
6116	kem si	vin.	kem s<0><1><2>i		do
6120	tswin	n.			queue, braid
6124	tswintsyìp	n.			little queue
6128	taronyutsyìp	n.			little hunter
6132	oetsyìp	pn.			little me, little I
6136	ngatsyìp	pn.			little you, you little
6140	atanvi	n.			light ray, light beam
6144	txeptsyìp	n.			flame
6164	tìpängkxotsyìp	n.			little conversation
6180	hayalo	adv.			next time
6184	hamalo	adv.			last time
6196	tstunwi	adj.			kind, thoughtful, considerate (ofp)
6204	seykxel	adj.			strong (emotionally, spiritually, not physical), confident
6216	fuke	conj.			or not
6224	'a'aw	adj.			a few, several (for countable nouns only)
6228	'okrol	n.			history (ancient)
6232	'okvur	n.			history (non-ancient)
6236	alu	conj.			that is, in other words
6240	fnawe'	adj.			cowardly
6244	fnawe'tu	n.			coward
6248	ftxìlor	adj.			delicious, good tasting
6252	ftxìvä'	adj.			bad tasting
6256	fyeyn	adj.			ripe, mature, adult
6260	fyeyntu	n.			adult person
6264	tìfyeyn	n.			ripeness, maturity, full fruition
6268	hawngkrr	adv.			late
6272	lehawngkrr	adj.			late
6276	leye'krr	adj.			early
6280	hek	vin.	h<0><1><2>ek		be curious, odd, strange, unexpected
6284	nìhek	adv.			strangely, oddly
6288	ki	conj.			but rather, but instead
6292	nìfyeyntu	adv.			like an adult, maturely
6296	nì'eveng	adv.			like a child, immaturely
6300	lìng	vin.	l<0><1><2>ìng		float in the air, hover
6308	ram	n.			mountain
6312	muntxatu	n.			spouse
6316	muntxatan	n.			husband, male spouse
6320	muntxate	n.			wife, female spouse
6324	netrìp	adv.			luckily, happily
6328	newomum	vin.	n<0><1><2>ewomum		be curious, want to know
6332	lenomum	adj.			curious
6336	tìnomum	n.			curiosity
6340	ngäzìk	adj.			difficult, hard
6344	tìngäzìk	n.			difficulty, problem
6348	nìsung	adv.			besides, additionally, furthermore
6352	reng	adj.			shallow (physically)
6356	rolun	intj.			Eureka! I've found it! (for answers and objects)
6360	sa'sem	n.			parent or set of parents
6364	smar	n.			prey, hunted thing
6368	starsìm	vtr.	st<0><1>ars<2>ìm		gather, collect
6376	sunu	vin.	s<0><1>un<2>u		be pleasing or likeable, bring enjoyment
6380	syayvi	n.			luck, chance
6388	nìsyayvi	adv.			by chance or coincidence
6392	tolel	intj.			Eureka! I got it! I understand! (an idea)
6396	txukx	adj.			deep
6400	ve'kì	vtr.	v<0><1>e'k<2>ì		hate
6404	tìve'kì	n.			hatred
6408	yaymak	adj.			foolish, ignorant
6412	ye'krr	adv.			early
6416	zìsìkrr	n.			season
6420	zo	vin.	z<0><1><2>o		be well, be intact, be as it should be, work correctly or as nature intended
6424	zoslu	vin.	zosl<0><1><2>u		heal, become well, get fixed (ii)
6428	zeyko	vtr.	zeyk<0><1><2>o		heal, fix
6432	frawzo	intj.			all is well, everything is fine or OK
6436	kemlì'uvi	n.			infix
6448	irayo si	vin.	irayo s<0><1><2>i		thank, give thanks
6508	lefkrr	adj.			current
6512	lì'upam	n.			accent, pronunciation
6516	natkenong	conj.			for example, as an example
6520	eltur tìtxen si	ph.	eltur tìtxen s<0><1><2>i		be interesting, intriguing
6524	pxelo	adv.			thrice, three times
6528	pamrelfya	n.			spelling
6532	law si	vin.	law s<0><1><2>i		make clear
6548	naer	n.			drink, something able to be drunk
6552	atxkxerel	n.			map
6556	nìtengfya	adv.			as, same way as (similar action)
6564	tun	adj.			red, orange
6568	'om	adj.			violet, purple, magenta
6572	neyn	adj.			light colors, shades of white
6576	ngul	adj.			grey, drab
6580	tumpin	n.			red, orange
6584	eampin	n.			blue, green
6588	rimpin	n.			yellow
6592	'ompin	n.			violet, purple, magenta
6596	layompin	n.			black
6600	teyrpin	n.			white
6604	vawmpin	n.			dark color
6608	neympin	n.			light color
6612	ngulpin	n.			grey
6616	pil	n.			facial stripe
6620	ta'lengean	adj.			skin blue
6624	rìkean	adj.			leaf green
6628	kllvawm	adj.			brown
6632	'evan	n.			boy (colloquial)
6636	'eve	n.			girl (colloquial)
6640	'evengan	n.			boy
6644	'evenge	n.			girl
6648	fkio	n.			tetrapteron
6652	kenten	n.			fan lizard
6656	nìwä	adv.			on the contrary, conversely
6660	pìwopx	n.			cloud
6664	ramtsyìp	n.			hill
6668	syaksyuk	n.			prolemuris
6672	tor	adj.			last, ultimate, terminal
6676	txärem	n.			bone
6680	uk	n.			shadow
6684	yapay	n.			mist, fog, steam
6688	tìspe'e	n.			capture
6696	tìftxavang	n.			passion
6704	tìtstunwi	n.			kindness
6708	stxeli	n.			gift
6712	ngrrpongu	n.			grassroots movement
6716	smon	vin.	sm<0><1><2>on		be familiar, be known (with dative)
6720	lawk	vtr.	l<0><1><2>awk		discourse on, talk about, say something concerning
6724	hìtxoa	intj.			excuse me (small apology)
6728	mäkxu	vtr.	m<0><1><2>äkxu		interrupt, throw out of harmonious balance
6732	hultstxem	vtr.	h<0><1>ultstx<2>em		hinder
6736	mok	vtr.	m<0><1><2>ok		suggest
6740	muwìntxu	vtr.	muw<0><1>ìntx<2>u		introduce, present
6744	kan'ìn	vtr.	k<0><1>an'<2>ìn		focus on, specialize in, be particularly interested in
6756	nì'eng	adv.			equally, on the same level
6760	Pari	prop.n.			Paris
6764	tì'ong	n.			blooming, unfolding
6768	tìmok	n.			abstract idea of a suggestion
6772	tì'em	n.			the art of cooking
6776	leyn	vtr.	l<0><1><2>eyn		repeat, do again
6780	päsketpol	n.			basketball
6784	nìFranse	adv.			French
6788	nìToitsye	adv.			German
6792	nìno	adv.			in detail, expansively, thoroughly
6796	hìno	adj.			fine, detailed, precise, intricate (of things)
6800	leno	adj.			thorough, detail-orientated (of a person)
6804	tìno	n.			thoroughness, attention to detail
6808	'ongokx	vin.	'<0><1>ong<2>okx		be born
6812	nokx	vtr.	n<0><1><2>okx		give birth to
6816	nìtrrtrr	adv.			on a daily basis, regularly
6820	tìn	n.			activity that keeps one busy
6824	txin	adj.			main, primary
6828	txintìn	n.			occupation, primary role in society
6832	'emyu	n.			cook, cooker
6836	vewng	vtr.	v<0><1><2>ewng		look after, take care of, be responsible for
6840	kaltxì si	vin.	kaltxì s<0><1><2>i		say hello, greet
6844	sopyu	n.			traveller
6848	fula	sbd.			that (agentive)
6852	tskxekeng si	vin.	tskxekeng s<0><1><2>i		train, exercise, practice
6856	way si	vin.	way s<0><1><2>i		sing
6860	swawtsyìp	n.			little moment, second
6864	käteng	vin.	k<0><1><2>äteng		spend time with, hang out with
6868	'ìn	vin.	'<0><1><2>ìn		be busy, be occupied
6872	Sweriye	prop.n.			Sweden
6876	nìfkrr	adv.			lately, currently
6880	sulìn	vin.	s<0><1>ul<2>ìn		be busy (positive sense), be engrossed in something one finds especially pleasant and energizing
6884	vrrìn	vin.	v<0><1>rr<2>ìn		be busy (negative sense): be tired out and overwhelmed by an activity that's keeping one busy
6888	tìk'ìn	n.			free time, the absence of business
6892	säsulìn	n.			hobby, pleasureyielding activity
6896	'o'	adj.			bringing fun, exciting
6900	Europa	prop.n.			Europe
6904	Skayp	prop.n.			Skype
6908	pxorpam	n.			ejective consonant
6912	tì'o'	n.			fun, excitement
6916	nì'o'	adv.			in a manner which is enjoyable, enjoyably
6920	fnan	vtr.	fn<0><1><2>an		be good at
6924	wätx	vtr.	w<0><1><2>ätx		be bad at
6928	tìsom	n.			heat
6932	tìwew	n.			coldness, cold
6936	tìlen	n.			event, happening
6940	nìnäk	adv.			by drinking, in a liquid way
6944	nìhay	adv.			next
6948	sayrìp	adj.			handsome, good looking
6952	letokx	adj.			bodily, physical
6956	säzärìp	n.			face lead, rein
6960	ìpxa	n.			fern
6964	tìhawnu si	vin.	tìhawnu s<0><1><2>i		protect
6968	sno	pn.		genitive=sneyä	his self, her self, its self (reflexive, genitive form sneyä)
6972	kìte'e si	vin.	kìte'e s<0><1><2>i		serve
6984	var	vim.	v<0><1><2>ar		to persist in a state, to continue to perform an action
6988	nìftxan	adv.			so, to such an extent
6992	Yeysu	prop.n.			Jesus
7172	lelì'fya	adj.			concerning language, regarding language
7176	takrra	conj.			since (temporal)
7180	akrrta	conj.			since (temporal)
7184	few	adp.			across, aiming for the opposite side of
7188	fewtusok	adj.			opposite, on the opposite side
7192	sla'tsu	vtr.	sl<0><1>a'ts<2>u		describe
7196	tìsla'tsu	n.			description
7200	'en	n.			guess, informed guess, hunch, intuition
7204	'en si	vin.	'en s<0><1><2>i		make an informed guess
7208	le'en	adj.			speculative, intuitive
7212	nì'en	adv.			making an informed guess, acting on intuition
7216	sä'o	n.			tool, utensil
7220	pamtseo si	vin.	pamtseo s<0><1><2>i		play music (with fa for instrument played)
7224	väng	adj.			thirsty
7228	tìväng	n.			thirst
7232	sngum	n.			worry
7236	nìsngum	adv.			worryingly, fretfully
7240	yayayr	n.			confusion
7244	wäte	vtr.	wät<0><1><2>e		argue, dispute
7248	tìwäte	n.			dispute, argument
7252	säwäte	n.			point of contention, source of argument, thing disputed
7256	lewäte	adj.			disagreeable, argumentative (of an agent)
7260	nìwäte	adv.			disagreeably, begrudgingly
7264	li	adv.			already
7268	lisre+	adp.			by, before, up to but not after
7272	ronsrelngop	vtr.	ronsrelng<0><1><2>op		imagine, envision (casual pronunciation RON-srew-ngop)
7276	ronsrel	n.			something imagined
7280	tìronsrel	n.			imagination
7284	txanatan	adj.			bright, vivid
7288	leronsrel	adj.			imaginary
7292	nìronsrel	adv.			in imagination, by imagination
7296	srefey	vtr.	sref<0><1><2>ey		expect
7304	mawl	n.			half
7308	pan	n.			third, one third
7312	wan	vtr.	w<0><1><2>an		hide
7316	nìwan	adv.			secretly, in hiding, by hiding
7320	tìwan	n.			obfuscation, cover up
7324	letwan	adj.			dodgy, sneaky (of a person)
7328	slele	vin.	sl<0><1>el<2>e		swim
7332	nìslele	adv.			by swimming
7336	tìtaron	n.			hunting (the art/skill)
7344	ìì	intj.			um, er
7348	tsukyom	adj.			edible
7352	ketsuktswa'	adj.			unforgettable
7356	tsuktswa'	adj.			forgettable
7360	yafkeyk	n.			weather
7364	fkeytok	vin.	fkeyt<0><1><2>ok		exist
7368	tìfkeytok	n.			state, condition, situation
7376	tompameyp	n.			drizzle
7380	tskxaytsyìp	n.			hail
7384	tskxepay	n.			ice
7388	herwì	n.			snow
7392	tomperwì	n.			sleet
7396	txanfwerwì	n.			blizzard
7400	hermeyp	n.			snow flurry
7404	hertxayo	n.			snow field
7408	ìlva	n.			flake, drop, chip
7412	txepìva	n.			ash, cinder
7416	herwìva	n.			snowflake
7420	payìva	n.			drop of water
7424	tompìva	n.			raindrop
7428	kintrr	n.			week
7432	mrrtrr	n.			five day work week
7436	muntrr	n.			weekend
7440	kintrram	n.			last week
7444	kintrray	n.			next week
7448	muntrram	n.			last weekend
7452	muntrray	n.			next weekend
7456	vospxì	n.			month
7460	vospxìam	n.			last month
7464	vospxìay	n.			next month
7468	sweylu	vin.	sweyl<0><1><2>u		should
7472	ye	adj.			satisfied, content, satiated, full
7476	hasey si	vin.	hasey s<0><1><2>i		accomplish, bring to a conclusion
7480	seysonìltsan	intj.			well done! (derived from hasey soli nìltsan accomplished well)
7484	yehakx	adj.			satisfied from hunger, full
7488	yeväng	adj.			satisfied from thirst by drink, feeling quenched, slaked
7492	somwew	n.			temperature
7496	pup	adj.			short (physical length)
7500	ngimpup	n.			length
7504	pesomwew	inter.			what temperature?
7508	somwewpe	inter.			what temperature? (more common)
7512	txawew	adj.			very cold
7516	wur	adj.			cool, chilly
7520	tsyafe	adj.			mild, moderate, comfortable (for weather and temperature)
7524	sang	adj.			warm
7528	txasom	adj.			very hot
7532	leyapay	adj.			foggy, misty
7536	lepwopx	adj.			cloudy
7540	nìhol	adv.			few, not many
7544	nìpxay	adv.			many, manily
7548	paynga'	adj.			moist, humid, damp
7552	meuianga'	adj.			honorable
7556	txumnga'	adj.			poisonous
7564	'akra	n.			soil (fertile)
7568	hufwetsyìp	n.			breeze, light wind
7572	nìlam	adv.			apparently
7576	nìli	adv.			in advance
7580	nìfrakrr	adv.			as always
7584	am'a	n.			doubt
7588	nga'	vtr.	ng<0><1><2>a'		contain
7592	tìftang si	vin.	tìftang s<0><1><2>i		stop (someone or something)
7596	may'	vtrm.	m<0><1><2>ay'		taste, try, sample, evaluate, check out, test-drive
7604	yora'	vtr.	y<0><1>or<2>a'		win
7608	snaytx	vtr.	sn<0><1><2>aytx		lose (to not win)
7612	tìyora'	n.			victory, a win
7616	tìsnaytx	n.			loss (not a win)
7620	'otxang	n.			musical instrument (generic term)
7624	skxir	n.			wound
7628	leskxir	adj.			wounded
7632	skxir si	vin.	skxir s<0><1><2>i		wound
7636	skxirtsyìp	n.			cut, bruise, minor wound
7640	sloan	vtr.	sl<0><1>o<2>an		pour
7644	emrey	vin.	emr<0><1><2>ey		survive
7648	temrey	n.			survival
7652	lemrey	adj.			surviving (e.g. of entities from a group some of whom have died)
7656	nemrey	adv., intj.			in a fashion as if one's life were at stake
7660	wawe	n.			meaning, importance, significance (emotional)
7664	txanwawe	adj.			personally meaningful, significant
7668	nìwawe	adv.			meaningfully, significantly
7672	keyrel	n.			facial expression
7676	fwampop	n.			tapirus
7680	säplltxe	n.			statement
7684	säplltxevi	n.			comment
7688	kawtseng	adv.			nowhere
7692	tsapo	pn.			that one (for people only)
7700	fwefwi	vin.	fw<0><1>efw<2>i		whistle
7712	'etnaw	n.			shoulder
7724	pllngay	vin.	p<0><1><2>llngay		admit (can take quotes using "san")
7728	kawngsar	vtr.	kawngs<0><1><2>ar		exploit
7732	lom	adj.			missing, missed (as an absent person who is longed for)
7736	koaktan	n.			old man
7740	koakte	n.			old woman
7744	koaktu	n.			old person
7748	lomtu	n.			missed person
7752	fe'	adj.			bad
7756	nìfe'	adv.			badly
7760	wätu	n.			opponent
7764	fekem	n.			accident
7768	hawtsyìp	n.			nap
7772	uran	n.			boat
7780	ftxozä si	vin.	ftxozä s<0><1><2>i		celebrate
7784	kekem	pn.			no action or activity
7788	pxen	n.			functional clothing (item of)
7792	tewng	n.			loincloth
7796	raspu'	n.			leggings (used in war)
7800	hawnven	n.			shoe
7804	hawntsyokx	n.			glove
7808	hawre'	n.			hat
7812	ioi	n.			adornment, or ceremonial apparel (item of)
7816	nìlun	adv.			of course, logically, following common sense
7820	'ali'ä	n.			collar / choker
7824	'are	n.			poncho, cape, shawl
7828	fkxile	n.			bib necklace
7832	masat	n.			breastplate (armor)
7836	nikroi	n.			hair adornment
7840	pxawpxun	n.			armband
7844	renten	n.			goggles, (made from insect wings, carved from wood, etc)
7848	tsamopin	n.			warpaint
7852	tsang	n.			a piercing
7856	miktsang	n.			earring
7860	ontsang	n.			nose ring
7864	yemstokx	vtr.	y<0><1><2>emstokx		put on (clothing), don
7868	ioi si	vin.	ioi s<0><1><2>i		adorn
7872	'aku	vtr.	'<0><1>ak<2>u		remove, take away, take off
7876	le'aw	adj.			only
7888	mawkrra	conj.			after (temporal)
7892	akrrmaw	conj.			after (temporal)
7896	Toitslan	prop.n.			Germany
7900	Toitsye	n.			German (language)
7908	lukpen	adj.			without clothing, naked
7912	fmawnta	sbd.			that news
7916	vin	vtr.	v<0><1><2>in		request, ask for
7920	mìftxele	adv.			by the way, in this regard, related to this matter
7924	zìma'uyu	n.			newcomer, someone who has just arrived on the scene
7928	nìvingkap	adv.			by the way, incidentally
7932	txankrr	adv.			for a long time
7936	vingkap	vtr.	v<0><1>ingk<2>ap		occur to one, pop into one's mind
7940	tìomum	n.			knowledge
7948	tinan	n.			reading
7952	ninan	adv.			by reading
7956	tsmìm	n.			track, trace (of animal or person)
7960	inan	vtr.	<0><1>in<2>an		read (e.g. the forest), gain knowledge from sensory input
7964	'ä'	intj.			oops!
7968	teynga	sbd.			that answer
7972	teyngla	sbd.			that answer (agentive)
7976	teyngta	sbd.			that answer (patientive)
7984	fayluta	sbd.			these words
7988	stxenu	n.			offer
7992	tìtstew	n.			courage, bravery
7996	tìtstewnga'	adj.			brave, courageous (nfp)
8000	stxenutìng	vtr.	stxenut<0><1><2>ìng		offer
8004	tsyär	vtr.	tsy<0><1><2>är		reject
8008	tìtsyär	n.			rejection
8012	mll'an	vtr.	m<0><1>ll'<2>an		accept
8016	tìmll'an	n.			acceptance
8020	kam	adp.			ago
8024	kay	adp.			from now (in the future)
8028	'awnìm	vtr.	'<0><1><2>awnìm		avoid
8032	steng	adj.			similar
8036	nìsteng	adv.			similarly
8040	nim	adj.			timid, shy
8044	srätx	vtr.	sr<0><1><2>ätx		annoy, bother
8048	säsrätx	n.			annoyance
8052	rì'ìr	n.			reflection
8056	rì'ìr si	vin.	rì'ìr s<0><1><2>i		reflect, imitate
8060	tsìsyì	vin.	ts<0><1>ìsy<2>ì		whisper
8064	nìwok	adv.			loudly
8068	sätsìsyì	n.			whisper
8072	nìtsìsyì	adv.			by whispering, in a whisper
8076	nìfwefwi	adv.			by whistling, in a whistling manner
8080	lawr	n.			melody
8084	tìng lawr	vin.	t<0><1><2>ìng lawr		sing wordlessly, give out a tune or melody
8088	säomum	n.			(piece of) information
8092	kosman	adj.			wonderful, terrific, fantastic
8096	nìksman	adv.			wonderfully
8108	letsim	adj.			original, unique, not derived from another source
8112	lesngä'i	adj.			original, existing at or from the start, first in a series
8116	nìtsim	adv.			originally, in an original way, with originality
8120	nìsngä'i	adv.			originally, at first
8124	ngong	adj.			lethargic, lacking sufficient energy, lazy
8128	walak	adj.			energetic, active
8132	tìngong	n.			lethargy, laziness
8136	txi	n.			hurry, hurriedness, frenzy
8140	letxi	adj.			hurried, frenzied
8144	nìtxi	adv.			hurriedly, in a frenzied way
8148	letxiluke	adj.			unhurried
8152	nìtxiluke	adv.			unhurriedly, leisurely
8156	kulat	vtr.	k<0><1>ul<2>at		reveal, bring forth, uncover (literally and metaphorically)
8160	txantompa	n.			rainstorm, heavy rain
8164	meyam	vtr.	m<0><1>ey<2>am		hug, embrace, hold in one's arms
8168	sämyam	n.			hug, embrace
8172	fìtsap	adv.			each other
8176	nuä+	adp.			beyond
8180	kanfpìl	vin.	k<0><1>anfp<2>ìl		concentrate, focus one's attention
8184	fmokx	n.			jealousy, envy
8188	nìfmokx	adv.			jealously, enviously
8192	kìmar	adj.			in season (of foods, vegetable or animal)
8196	nìkmar	adv.			in the right season, opportunely
8200	nìngong	adv.			lethargically, lazily
8204	säpom	n.			kiss
8212	kxukx	vtr.	kx<0><1><2>ukx		swallow
8216	txewm	adj.			scary, frightening
8220	hìmpxì	n.			minority, least, small part
8224	kawnglan	adj.			malicious, bad hearted
8228	nutx	adj.			thick (in size)
8232	flì	adj.			thin (in size, nfp)
8236	flìnutx	n.			thickness (in size)
8240	sneyä	pn.			his own, her own, its own
8244	säsyep	n.			trap
8248	yora'tu	n.			winner
8252	snaytu	n.			loser
8256	way a plltxe	ph.			spoken poem (as a melodic recital)
8260	way a rol	ph.			sung poem
8264	wayä aylì'u	ph.			words of a poem or lyrics of a song
8268	ultxatu	n.			meeting participant
8272	wo	vtr.	w<0><1><2>o		reach for
8276	yawo	vin.	yaw<0><1><2>o		take off, launch
8280	tsìk	adv.			suddenly, without warning
8284	kllwo	vin.	kllw<0><1><2>o		alight, land (process of)
8288	kllpä	vin.	kllp<0><1><2>ä		land, reach the ground
8292	sätswayon	n.			flight (an instance of flying)
8296	rawn	vtr.	r<0><1><2>awn		replace, substitute
8300	tìrawn	n.			replacement, the act of replacing
8304	särawn	n.			replacement, substitute, something that replaces something else
8308	kxeltek	vtr.	kx<0><1>elt<2>ek		pick up, lift
8312	fngo'	vtr.	fng<0><1><2>o'		require, demand
8316	säfngo'	n.			requirement, demand (from anyone who isn't a superior)
8320	ngam	n.			echo
8324	slär	n.			cave
8328	ngampam	n.			rhyme
8332	ngampam si	vin.	ngampam s<0><1><2>i		rhyme (Also used metaphorically in the sense of "fit together well")
8336	faoi	adj.			smooth (in texture)
8340	ekxtxu	adj.			rough (in texture)
8344	yo'	vin.	y<0><1><2>o'		be perfect, flawless
8348	nìyo'	adv.			perfectly, flawlessly
8352	nìyol	adv.			briefly, shortly (of time)
8356	tìyo'	n.			perfection
8360	'ipu	adj.			humorous, funny, amusing
8364	tì'ipu	n.			humor
8368	tìfmi	n.			attempt (the concept/act of attempting)
8372	sä'ipu	n.			something humorous
8376	hangvur	n.			joke, funny story
8380	lì'uvan	n.			pun, word-play
8392	kanom	vtr.	k<0><1>an<2>om		acquire, get
8396	säkanom	n.			something acquired, an acquisition, a possession
8400	srìn	vtr.	sr<0><1><2>ìn		temporarily transfer from one to another (rarely used without prefix)
8404	käsrìn	vtr.	käsr<0><1><2>ìn		lend
8408	zasrìn	vtr.	zasr<0><1><2>ìn		borrow
8412	säsrìn	n.			lent or borrowed thing
8416	pxìmun'i	vtr.	pxìm<0><1>un'<2>i		divide, cut into parts
8420	lätxayn	vtr.	l<0><1>ätx<2>ayn		defeat in battle, conquer
8424	sälätxayn	n.			defeat, an instance of defeat
8428	yll	adj.			communal
8432	nìyll	adv.			communally, in a communal manner
8436	hona	adj.			endearing, adorable, cute
8440	tìhona	n.			cuteness, adorableness
8444	fäkä	vin.	fäk<0><1><2>ä		go up, ascend
8448	fäza'u	vin.	fäz<0><1>a'<2>u		come up, ascend
8452	kllza'u	vin.	kllz<0><1>a'<2>u		come down, descend
8456	sämok	n.			a suggestion
8460	mal	adj.			trustworthy, trust-inspiring
8464	nìmal	adv.			trustingly, without hesitation
8468	tìmal	n.			trustworthiness
8472	kllyem	vtr.	klly<0><1><2>em		bury
8480	nìtsyìl	adv.			by climbing
8484	sätsyìl	n.			climbing event, a climb
8488	rìn	n.			wood
8492	flawkx	n.			leather
8496	'ana	n.			hanging vine
8500	tsngawpay	n.			tears
8504	tsngawpayvi	n.			teardrop
8508	nìhona	adv.			endearingly, sweetly
8512	lepay	adj.			watery
8516	'ul	vin.	'<0><1><2>ul		increase
8520	nän	vin.	n<0><1><2>än		decrease
8524	nìnän	adv.			less
8528	nì'ul'ul	adv.			increasingly, more and more
8532	nìnänän	adv.			decreasingly, less and less
8536	mek	adj.			empty, or metaphorically: having no value
8540	leioae	n.			respect
8544	leioae si	vin.	leioae s<0><1><2>i		to respect
8548	säwìntxu	n.			a showing, an exhibition
8552	tì'i'a	n.			ending, conclusion
8556	srer	vin.	sr<0><1><2>er		appear, materialize, come into view
8560	'ìp	vin.	'<0><1><2>ìp		disappear, vanish, recede from view
8564	tsong	n.			valley
8568	tsongtsyìp	n.			dimple
8572	ro'a	vin.	r<0><1>o'<2>a		be impressive, inspire awe or respect
8576	säro'a	n.			feat, accomplishment, great deed
8580	säro'a si	vin.	säro'a s<0><1><2>i		do great deeds
8584	txanro'a	vin.	txanr<0><1>o'<2>a		be famous
8588	velek	vin.	v<0><1>el<2>ek		give up, surrender, concede defeat
8592	spono	n.			island
8596	txew	n.			edge, brink, limit, border, end
8600	txewnga'	adj.			having a limit, not without bounds, finite
8604	litx	adj.			sharp (as a blade)
8608	fwem	adj.			dull, blunt (as a point)
8612	syura	n.			energy (physical or spiritual)
8616	syuratan	n.			bioluminescence
8620	txonkrr	adv.			at night
8624	yuey	adj.			beautiful (inner beauty)
8628	kxem	vin.	kx<0><1><2>em		be vertical
8632	txay	vin.	tx<0><1><2>ay		be horizontal, lie flat
8636	nìkxem	adv.			vertically
8640	nìtxay	adv.			horizontally
8644	klltxay	vin.	klltx<0><1><2>ay		lie on the ground
8648	klltxeykay	vtr.	klltxeyk<0><1><2>ay		lay (something) on the ground
8652	yo	n.			surface
8656	kxemyo	n.			wall, vertical surface
8660	fyep	vtr.	fy<0><1><2>ep		hold in the hand, grasp, grip
8664	nìk'ärìp	adv.			steadily (lit. "without letting it move")
8668	nìklonu	adv.			firmly, steadfastly, faithfully (lit. "without releasing it")
8672	nìktungzup	adv.			carefully, firmly (lit. "without letting it fall")
8676	nìsyep	adv.			tightly, in an iron grip (lit. "like a trap")
8680	nìmeyp	adv.			weakly, loosely
8684	säfyep	n.			handle
8688	slan	vtr.	sl<0><1><2>an		support (emotional, social or personal support)
8692	tìslan	n.			support (emotional, social or personal support)
8696	tìeyktan	n.			leadership
8700	'llngo	n.			hip
8704	zare'	n.			forehead, brow
8708	flawm	n.			cheek
8712	prrku	n.			womb
8716	ngep	n.			navel
8720	tawsyuratan	n.			aurora
8732	syeha	n.			breath
8736	syeha si	vin.	syeha s<0><1><2>i		breathe
8740	sko+	adp.			something as, in the capacity of, or in the role of, something else
8744	sna'o	n.			set, group, pile, clump, stand
8748	snatxärem	n.			skeleton
8752	snafpìlfya	n.			philosophy
8756	snatanhì	n.			constellation
8760	sästarsìm	n.			collection (put together intentionally by a person)
8764	tsu'o	n.			ability
8768	krra	conj.			when, at the time that
8772	snatanhìtsyìp	n.			star cluster
8776	pìwopxtsyìp	n.			nebula
8792	tìterkup	n.			death (in abstract sense)
8796	maweypeyyu	n.			One who is patient
8804	ftxulì'u	vin.	ftx<0><1><2>ulì'u		orate, give speech
8808	ftxulì'uyu	n.			orator, (public) speaker
8812	säftxulì'u	n.			speech, oration
8816	tìftxulì'u	n.			speech-making, public speaking
8820	slantire	n.			inspiration
8824	slantire si	vin.	slantire s<0><1><2>i		inspire
8828	kum	n.			result
8836	kuma	conj.			that (as a result)
8840	akum	conj.			that (as a result)
8844	fyel	vtr.	fy<0><1><2>el		seal, make impervious
8848	zey	adj.			special, distinct
8852	vll	vtr.	v<0><1><2>ll		indicate, point at
8856	eykyu	n.			leader (typically temporary, of a small group like a hunting party)
8860	am'ake	adj.			sure, confident
8864	nam'ake	adv.			confidently
8868	kezemplltxe	adv.			of course, needless to say
8872	tare	vtr.	t<0><1>ar<2>e		connect, relate to, have a relationship with
8876	nìsoaia	adv.			(together) as members of a family
8880	nìolo'	adv.			(together) as members of a clan
8884	sätare	n.			connection, relationship
8892	sloa	adj.			wide
8896	snep	adj.			narrow
8900	slosnep	n.			width
8904	peslosnep	inter.			what width, how wide?
8908	slosneppe	inter.			what width, how wide?
8912	hoet	adj.			vast, broad, expansive
8916	nìhoet	adv.			widely, pervasively
8920	so'ha	vtr.	s<0><1>o'h<2>a		be enthusiastic about, show enthusiasm for, be excited about
8924	tìso'ha	n.			enthusiasm, having a good attitude
8928	nìso'ha	adv.			enthusiastically
8932	leso'ha	adj.			enthusiastic, keen
8936	tsawlultxa	n.			large gathering, conference
8940	zìsìtay	n.			next year
8944	tìtsunslu	n.			possibility
8948	numultxa	n.			class (for instruction)
8952	numultxatu	n.			classmate, member of a class
8956	snanumultxa	n.			course (as a collection of classes)
8960	tìflä	n.			success (in general)
8964	säflä	n.			success (an instance of succeeding)
8968	mesrram	adv., n.			the day before yesterday, two days ago
8972	mesrray	adv., n.			the day after tomorrow, two days from now
8976	pxesrram	adv., n.			three days ago
8980	pxesrray	adv., n.			three days from now
8984	mong	vtr.	m<0><1><2>ong		depend on, rely on, trust for protection
8988	sru'	vtr.	sr<0><1><2>u'		crush, trample
8992	'ekxin	adj.			tight
8996	um	adj.			loose
9000	'ekxinum	n.			degree of tightness, looseness
9004	pekxinum	inter.			how tight, loose?
9008	zeswa	n.			grass
9012	zeswavi	n.			blade of grass
9016	lezeswa	adj.			grassy
9020	lopx	vin.	l<0><1><2>opx		panic
9024	hifwo	vin.	h<0><1>ifw<2>o		flee, escape
9028	yrrap	n.			storm
9032	'rrpxom	n.			thunder
9036	rawm	n.			lightning (general term)
9040	rawmpxom	n.			thunder and lightning
9044	se'ayl	n.			an individual tall, thin waterfall that pours down a sheer high cliff, or off of a floating mountain (countable)
9048	kxor	n.			a wall or bank of powerful waterfalls noted for its deafening roar and deadly force (countable, but only rarely)
9052	syanan	n.			a single drop or series of smaller waterfalls occurring sequentially along a stream or series of pools (countable)
9056	rurur	n.			water that is aerated while flowing among the rocks of a very gradually sloping stream (non-countable)
9060	tseltsul	n.			whitewater rapids (countable, but only rarely)
9064	tìmeyp	n.			weakness
9068	am'aluke	adv.			without a doubt
9072	atanzaw	n.			forked lightning
9080	nìsìlpey	adv.			hopefully
9084	talun	adp.			because of, due to
9088	nìTsyungwen	adv.			Zhongwen
9092	reykol	vtr.	reyk<0><1><2>ol		play music, make to sing (poetic)
9096	nrra	n.			pride, feeling of pride
9100	lenrra	adj.			proud
9104	nìnrra	adv.			proudly, with pride
9108	snonrra	n.			self-pride (negative connotation)
9112	lesnonrra	adj.			full of self-pride
9116	nrr	vin.	n<0><1><2>rr		glow, be luminous
9124	ylltxep	n.			communal fire or fire pit
9128	txeptseng	n.			place where a fire is burning or has burned
9132	ralnga'	adj.			meaningful, instructive, something from which a lesson can be learned
9136	munsna	n.			pair
9144	fyin	adj.			simple (not complex)
9148	ep'ang	adj.			complex
9152	epxang	n.			stone jar used to hold small toxic arachnid
9156	fyinep'ang	n.			degree of complexity
9160	pefyinep'ang	inter.			how complex?
9164	fyinep'angpe	inter.			how complex?
9168	sngä'itseng	n.			beginning, starting position, initial location
9172	srungsiyu	n.			assistant, helper
9176	srungtsyìp	n.			helpful hint, tip
9180	spulmokri	n.			phone, telephone
9184	syeprel	n.			camera
9200	swoa	n.			intoxicating beverage, or "spirits"
9204	rou	vin.	r<0><1>o<2>u		be, or get drunk
9208	pamrelvi	n.			letter (phonetic symbol)
9212	snapamrelvi	n.			alphabet
9216	tìtxen si	vin.	tìtxen s<0><1><2>i		to wake, to waken, wake up
9220	fnetxum	n.			allergen
9224	zet	vtr.	z<0><1><2>et		treat (emotionally), display an attitude towards
9228	ha'	vin.	h<0><1><2>a'		fit, suit, complement, inherently enhance
9232	syon	n.			feature, trait, attribute, characteristic, point, aspect, facet, property
9236	ran	n.			intrinsic character or nature, essence, constititution; basic nature of something resulting from the totality of its properties; often best translated as personality
9240	fyole	adj.			sublime, beyond perfection
9244	loran	n.			elegance, grace
9248	fe'ran	n.			flawed nature, something ill-conceived or inherently defective
9252	reyfya	n.			way of living, culture
9256	fe'ranvi	n.			blemish, deformity, stain, flawed feature
9260	nìran	adv.			basically, fundamentally, in essence
9264	mo	n.			space, hollow, enclosed open area
9268	snomo	n.			private space that one can retreat to
9272	wum	adv.			approximately, roughly
9276	kesran	adj.			so-so, mediocre
9280	nìksran	adv.			in a mediocre manner
9284	yewla	n.			disappointment, emotional let-down, failed expectation
9288	leyewla	adj.			disappointing
9292	nìyewla	adv.			in a disappointing fashion, in a way failing to meet expectations
9296	yawnyewla	n.			broken heart, broken heartedness
9304	ve'o	n.			order (as opposed to disorder or chaos), organization
9308	vezo	vin.	vez<0><1><2>o		be in order, be organized
9312	vezeyko	vtr.	vezeyk<0><1><2>o		put in order, organize
9316	vefya	n.			system, process, procedure, approach
9320	velke	adj.			chaotic, messy, disorganized, in shambles
9324	venga'	adj.			organized, "on top of things"
9328	nìfnu	adv.			silently
9332	sätaron	n.			hunt
9336	wäsul	vin.	wäs<0><1><2>ul		compete
9340	tìwäsul	n.			competition (concept)
9344	säwäsul	n.			a competition
9348	säwäsultsyìp	n.			a contest
9352	tìmwiä	n.			fairness, justice
9356	snew	vtr.	sn<0><1><2>ew		constrict, tighten
9360	txantxew	n.			maximum
9364	snewsye	adj.			weird, spooky
9368	hìmtxew	n.			minimum
9372	txantxewvay	adv.			maximally
9376	hìmtxewvay	adv.			minimally
9380	hefi	vtr.	h<0><1>ef<2>i		smell (not intentionally)
9384	ewku	vtr.	<0><1>ewk<2>u		taste (not intentionally)
9388	zìm	vtr.	z<0><1><2>ìm		feel (not intentionally)
9392	yune	vtr.	y<0><1>un<2>e		listen to (intentionally)
9396	syam	vtr.	sy<0><1><2>am		to smell (intentionally)
9400	'ur	n.			sight, look, appearance
9404	sur	n.			taste, flavor
9408	zir	n.			touch, feel, texture
9412	tse'atswo	n.			(sense of) sight, vision
9416	stawmtswo	n.			(sense of) hearing
9420	hefitswo	n.			(sense of) smell
9424	ewktswo	n.			(sense of) taste
9428	zìmtswo	n.			(sense of) touch
9432	fkan	vin.	fk<0><1><2>an		resemble in a sensory modality, come to the senses as
9436	onlor	adj.			good-smelling
9440	onvä'	adj.			bad-smelling, smelly, stinky
9444	we'ay	adj.			sour
9448	wip	adj.			salty
9452	fwang	adj.			savory, umami, rich
9456	nget	adj.			smell of decaying wood and leaves, dank (non-animal decay)
9460	kxänäng	adj.			smell of decaying animal/flesh, rotting, putrid
9464	sosul	adj.			pleasant smell of nearby running water, rain, moist vegetation
9468	unyor	adj.			sweetly aromatic (a flowery or aromatic woody sort of smell; may also refer to some spices used in Na'vi cooking)
9472	atxar	adj.			smell of living animals, as found around a watering hole
9476	inanfya	n.			sense (means of perception)
9480	uvan letokx	n.			physical or athletic game, sport
9484	ftärpa	n.			left side
9492	skiempa	n.			right side
9496	rengop	vtr.	reng<0><1><2>op		design (finer detail)
9500	tìrengop	n.			design (the act or art of designing)
9504	särengop	n.			design (a particular instance of designing)
9508	ingyen	n.			feeling of mystery or incomprehension
9512	sngumtsim	n.			worrisome matter, source of worry
9516	yayayrtsim	n.			something confusing, source of confusion
9520	ingyentsim	n.			mystery, riddle, enigma, conundrum
9524	ingyentsyìp	n.			trick, sleight of hand, clever/special methodology
9528	ningyen	adv.			mysteriously, in a puzzling fashion
9532	ingyenga'	adj.			mysterious, puzzling, enigmatic
9536	sngunga'	adj.			worrisome, troubling
9540	yayayrnga'	adj.			confusing
9544	yrr	adj.			wild, natural (something in its original, unmodified, untampered-with natural state)
9548	nìyrr	adv.			naturally, without tampering with or changing the nature
9552	zäfi	adj.			modified, interfered with, no longer in a natural state
9556	syor	vin.	sy<0><1><2>or		relax, chill out
9560	tìsyor	n.			relaxation
9564	tìfnunga'	adj.			quiet (nfp)
9568	späpeng	vin.	späp<0><1><2>eng		restore oneself (metaphorically)
9572	'anla	vtr.	'<0><1>anl<2>a		yearn for
9576	sä'anla	n.			yearning
9580	lie	n.			experience
9584	tsìlpey	n.			hope (abstract concept)
9592	säsìlpey	n.			hope (particular instance)
9596	kelsar	adj.			useless, in vain
9600	yì	n.			shelf, ledge, level, step, rung
9604	snayì	n.			staircase, series of step-like levels
9608	kxaylyì	n.			high level
9612	kxamyì	n.			intermediate level
9616	tìmyì	n.			low level
9620	flrr	adj.			gentle, mild, tender (people or things)
9624	nìflrr	adv.			gently, tenderly
9628	tìflrr	n.			gentleness, tenderness
9632	ngä'än	vin.	ng<0><1>ä'<2>än		suffer mentally or emotionally, be miserable
9636	kelkin	adj.			unnecessary
9640	nìkelkin	adv.			unnecessarily
9644	sängä'än	n.			bout of suffering; episode of depression
9648	'eylanay	n.			acquaintance (with the potential for becoming a friend)
9652	eyktanay	n.			deputy, general, one step down from leader
9656	tsulfätunay	n.			near-master
9660	karyunay	n.			apprentice teacher
9676	tsan'ul	vin.	tsan'<0><1><2>ul		improve, get better
9680	fe'ul	vin.	fe'<0><1><2>ul		worsen, get worse
9684	tìtsan'ul	n.			improvement (in the general or abstract sense)
9688	tìfe'ul	n.			worsening (in the general or abstract sense)
9692	sätsan'ul	n.			improvement (specific instance)
9696	säfe'ul	n.			worsening (specific instance)
9700	frafya	adv.			in every way
9704	postì	n.		loanword	(forum/blog) post
9708	ketsran	conj., adj.			no matter, no matter what, whatever
9712	kangay si	vin.	kangay s<0><1><2>i		validate, confirm
9716	txurtel	n.			rope
9720	ropx	n.			hole (going clear through an object)
9724	tsongropx	n.			hole, cavity, excavation with a bottom (visible or presumed)
9728	tsrul	n.			nest; protected area serving as the home of Pandoran fauna
9732	yayotsrul	n.			bird's nest
9736	lini	n.			young of an animal, bird, fish, insect
9740	tarnioang	n.			predator animal
9744	rong	n.			tunnel
9748	swek	n.			bar, rod, pole
9752	mektseng	n.			gap, breach
9756	tsenga	conj.			where, place where
9760	fta	n.			knot
9764	fta si	vin.	fta s<0><1><2>i		knot, make or tie a knot
9768	fwi	vin.	fw<0><1><2>i		slip, slide
9772	oìsss si	vin.	oìsss s<0><1><2>i		hiss
9776	il	vin.	<0><1><2>il		bend
9780	kxakx	vin.	kx<0><1><2>akx		break, snap in two
9784	ftumfa	adp.			out of, from inside
9788	sä'eoio	n.			ceremony, ritual, rite
9792	sä'eoio si	vin.	sä'eoio s<0><1><2>i		take part in a ceremony, perform a ritual
9796	kur	vin.	k<0><1><2>ur		hang
9800	nìtkan	adv.			purposefully, deliberately
9804	nìtkanluke	adv.			accidentally, unintentionally
9808	nui	vin.	n<0><1>u<2>i		fail, falter, go astray, not obtain expected or desired result
9812	nìnu	adv.			failingly, falteringly, in vain, fruitlessly, not achieving the desired or expected end
9816	tìnui	n.			failure (abstract concept)
9820	sänui	n.			failure (particular instance of failure)
9824	fngä'	vin.	fng<0><1><2>ä'		relieve oneself; (on Earth) use the restroom, go to the bathroom
9828	zun	conj.			if (counterfactual use)
9832	zel	adv.			then (counterfactual use)
9836	'ekxinumpe	inter.			how tight, loose?
9852	okup	n.			milk
9856	loi	n.			egg
9860	tsyeym	n.			treasure; something rare and of great value
9864	wokau	n.			pendulum drum
9868	srä	n.			cloth; a piece of cloth woven on a loom
9872	srok	n.			bead (decorative)
9876	pxayopin	adj.			colorful, multicolored, variegated
9880	tsyoklìt	n.			chocolate
9884	paynäpll	n.			pineapple
9888	pamrelsiyu	n.			writer
9892	rel arusikx	n.			movie, film, video
9896	lì'upuk	n.			dictionary
9904	nìkemweypey	adv.			impatiently
9908	kelemweypey	adj.			impatient
9912	'on	n.			shape, form
9916	salewfya	n.			direction, course
9920	koum	adj.			rounded, curved
9924	ko'on	n.			ring, oval, closed shape roughly circular
9928	yo'ko	n.			circle
9932	renulke	adj.			irregular, random
9936	vawt	adj.			solid, not hollow
9940	momek	adj.			hollow, not solid
9944	yeyfya	n.			straight line
9948	yak	n.			fork, branch, point of divergence
9952	yak si	vin.	y<0><1><2>ak s<0><1><2>i		diverge, change direction, go astray
9956	nìyeyfya	adv.			straight ahead, in a straight line
9960	nìftär	adv.			to the left
9964	nìskien	adv.			to the right
9968	'oratsyìp	n.			pond, pool
9972	nìyawr	adv.			correctly, rightly
9976	tìsteftxaw	n.			examination
9980	yoa	adp.			in exchange for
9984	txolar	n.			dollar
9988	ewro	n.			euro
9992	lawnol	n.			great joy
9996	ley	vin.	l<0><1><2>ey		be of value, have some positive value, be worth something
10000	säfmi	n.			attempt (instance of attempting)
10004	nìfkeytongay	adv.			actually, as a matter of fact
10008	mowar	n.			advice, bit or piece of advice
10012	mowar si	vin.	mowar s<0><1><2>i		advise
10016	mowarsiyu	n.			advisor
10020	kakpam	adj.			deaf
10024	tìkakpam	n.			deafness
10028	pxek	vtr.	px<0><1><2>ek		kick, shove
10032	kolan	intj.			I mean, rather (selfcorrecting)
10036	hena	vtr.	h<0><1>en<2>a		carry
10044	sähena	n.			container, vessel, carrier
10048	paysena	n.			water container
10052	tutsena	n.			stretcher
10056	tstalsena	n.			knife sheath
10060	swizawsena	n.			quiver (attached to ikran's saddle)
10064	tìkakrel	n.			blindness
10072	ngoa	n.			mud
10076	mawfwa	conj.			after (temporal)
10080	neni	n.			sand
10084	fwep	n.			dust (on a surface)
10088	fwopx	n.			dust (in the air)
10092	nìyey	adv.			directly, straight to the point, just
10096	'al	vtr.	'<0><1><2>al		waste
10100	tì'al	n.			wastefulness
10104	le'al	adj.			wasteful
10108	nì'al	adv.			wastefully
10112	srey	n.			version
10116	lupra	n.			style
10120	fyolup	adj.			exquisite, sublime in style
10124	fe'lup	adj.			tacky, in poor taste
10128	snolup	n.			personal style or aesthetic, presence
10132	'ongop	vtr.	'ong<0><1><2>op		design
10136	'ongopyu	n.			designer
10140	uniltìrantokxolo'	n.			Avatar Community
10144	krrka	adp.			during
10148	tìreyn	n.			train
10152	LosÄntsyelesì	prop.n.		loanword	Los Angeles
10156	tson	n.			obligation, duty, imposed requirement (from superiors)
10160	nìtson	adv.			dutifully, as an obligation
10164	kxìm	vtr.	kx<0><1><2>ìm		command, order, assign a task
10168	tsonta	conj.			to (with kxìm)
10172	tìkxìm	n.			commanding, ordering, assigning tasks
10176	tìkxìm si	vin.	tìkxìm s<0><1><2>i		be above someone in a hierarchy, be someone's superior
10180	kxìmyu	n.			commander, one with authority over another
10184	saylahe	adv.			et cetera
10188	fpomron	n.			health or well-being (mental)
10192	lefpomron	adj.			healthy (mentally, ofp)
10196	kelfpomron	adj.			unhealthy (mentally, ofp)
10200	fpomtokxnga'	adj.			healthy, healthful (physically, nfp)
10204	kefpomtokxnga'	adj.			unhealthy, unhealthful (physically, nfp)
10208	fpomronga'	adj.			healthy, healthful (mentally, nfp)
10212	kefpomronga'	adj.			unhealthy, unhealthful (mentally, nfp)
10216	srefpìl	vtr.	srefp<0><1><2>ìl		assume
10220	srefwa	conj.			before (time)
10224	ken'aw	adv.			not only
10228	släkop	adv.			but also
10232	sngum si	vin.	sngum s<0><1><2>i		worry
10236	väpam	n.			noise. ugly or unpleasant sound, screech
10240	hawmpam	n.			noise. sound that is excessive, unnecessary, inappropriate, unexpected or startling
10244	lehawmpam	adj.			noisy
10248	nìhawmpam	adv.			noisily
10252	miklor	adj.			pleasant sounding, beautiful sounding
10256	mikvä'	adj.			bad-sounding
10260	narlor	adj.			beautiful visually
10264	narvä'	adj.			ugly, unsightly
10268	zawr	n.			animal call
10272	tìnew	n.			desire
10276	nopx	vtr.	n<0><1><2>opx		put away, store
10280	tiam	vtr.	t<0><1>i<2>am		count
10284	ketsuktiam	adj.			uncountable, infinite
10288	txewluke	adj.			endless, boundless, without limit
10292	'umtsa	n.			medicine
10296	lang	vtr.	l<0><1><2>ang		investigate, explore
10300	tìlang	n.			exploration (general sense)
10304	sälang	n.			an exploration or investigation
10308	kxum	adj.			viscous, gelatinous, thick
10312	kxumpay	n.			viscous liquid, gel
10324	sängop	n.			creation
10332	tsyìl	vtr.	tsy<0><1><2>ìl		climb, scale (pulling entire body up)
10336	kxap	n.			threat
10340	kxapnga'	adj.			threatening (nfp)
10344	nìkxap	adv.			threateningly
10348	tìftiatu	n.			researcher
10352	tìftiatu kifkeyä	n.			scientist
10356	heyr	n.			chest
10360	tseri	vtr.	ts<0><1>er<2>i		note, notice
10364	kxap si	vin.	kxap s<0><1><2>i		threaten
10368	tìtseri	n.			awareness, notice
10372	tìktseri	n.			unawareness, lack of notice
10376	yäkx	vtr.	y<0><1><2>äkx		not notice, ignore, snub
10380	tìyäkx	n.			lack of notice, snubbing
10384	srunga'	adj.			helpful (nfp)
10388	säyäkx	n.			snub
10392	ngip	n.			space, open or borderless area
10396	txepram	n.			volcano
10400	txekxumpay	n.			magma, lava
10404	wrrza'u	vin.	wrrz<0><1>a'<2>u		come out, emerge
10408	tskxevi	n.			pebble, small stone polished smooth by natural forces
10412	nìkx	n.			gravel
10416	tìralpeng	n.			translation, interpretation
10420	unil si	vin.	unil s<0><1><2>i		dream
10424	uniltsa	vtr.	unilts<0><1><2>a		dream of, dream about
10428	mauti	n.			fruit
10432	utu	n.			forest canopy
10436	utumauti	n.			banana fruit
10440	slayk	vtr.	sl<0><1><2>ayk		brush, comb
10444	tìkelu	n.			lack
10448	tompakel	n.			drought
10452	syuvekel	n.			famine
10456	zawprrte'	vin.	z<0><1><2>awprrte'		be enjoyable
10460	nawri	adj.			talented
10464	tìnawri	n.			talent
10468	susyang	adj.			fragile, delicate
10472	reym	n.			dry land
10476	kop	conj.			and also
10480	tuvom	adj.			greatest of all, exceedingly great
10484	yengwal	n.			sorrow
10488	nip	vin.	n<0><1><2>ip		become stuck, get caught in something
10492	hän	n.			net, web
10496	'rrko	vin.	'<0><1>rrk<2>o		roll
10500	tsngem	n.			muscle
10504	tsawsngem	adj.			muscular
10508	wìngay	vtr.	w<0><1><2>ìngay		prove
10512	tìwìngay	n.			proof, proving (abstract)
10516	säwìngay	n.			proof (particular instance)
10524	tìng zekwä	vin.	t<0><1><2>ìng zekwä		touch (intentionally)
10528	weptseng	n.			website
10532	wep	n.			web (as in world wide web, www)
10536	tseotu	n.			artist (generic term)
10540	tìkeftxo	n.			sadness
10544	tìkeftxonga'	adj.			sad (nfp)
10548	pamtseongopyu	n.			music creator, composer
10552	lereyfya	adj.			cultural
10556	huru	n.			cooking pot
10560	sey	n.			cup or bowl minimally modified from naturally occuring resources
10564	'e'in	n.			pod, gourd
10568	'e'insey	n.			drinking gourd
10572	sum	n.			shell (from the ocean)
10576	sumsey	n.			drinking vessel made of shell
10580	swoasey	n.			kava bowl (constructed from seed pods, used for drinking intoxicating beverages), hand-sized
10584	swoasey ayll	n.			large social kava bowl
10588	tsyey	n.			snack, light meal
10592	tsyeytsyìp	n.			tiny bite
10596	nik	adj.			convenient, usable without much expenditure of effort
10600	niktsyey	n.			food wrap (food items wrapped in edible leaves or vines)
10604	merki	n.			ground rack (for smoking meats)
10608	ikut	n.			large pestle (grinding tool); meal-mashing pole
10612	sämunge	n.			transportation tool or device
10616	syusmung	n.			food tray
10620	paysmung	n.			water carrier
10624	prrsmung	n.			baby carrier
10628	nivi	n.			sleeping hammock (general term)
10632	swaynivi	n.			family hammock
10636	snonivi	n.			single-person hammock
10640	sänrr	n.			glow, an instance of glowing; light source, lamp
10644	tsmi	n.			nectar
10648	tsmisnrr	n.			bladder lantern, nectar lantern
10652	seyn	n.			chair, stool, bench; any tool or device to facilitate sitting
10656	hoan	n.			comfort
10660	lehoan	adj.			comfortable
10664	nìhoan	adv.			comfortably
10668	kelhoan	adj.			uncomfortable
10672	fyan	n.			constructed device for keeping something off the ground and clean
10676	fyanyo	n.			table, elevated utilitarian surface
10680	yomyo	n.			plate, (for food)
10684	yomyo lerìk	n.			leaf plate
10688	fyanyì	n.			shelf (for keeping things off the ground)
10692	kurfyan	n.			hamper or suspended rack
10696	snokfyan	n.			personal belongings rack
10700	kurfyavi	n.			hook (for hanging or suspending an item)
10704	seyto	vtr.	s<0><1>eyt<2>o		butcher (in the sense of separating or processing the carcass of a dead animal)
10708	säseyto	n.			butchering tool
10712	yaney	n.			canoe
10716	spulyaney	n.			canoe paddle
10720	lal	adj.			old (opposite of new)
10724	txanlal	adj.			ancient, very old
10728	tsankum	n.			advantage, benefit, upside, gain
10732	tsankumnga'	adj.			advantageous
10736	fekumnga'	adj.			disadvantageous
10740	tìmungwrr	n.			exception
10744	tìmungwrr si	vin.	tìmungwrr s<0><1><2>i		make an exception
10746	tarpongu	n.			hunting party
10748	nawfwe	adj.			fluent (for speech)
10752	fekum	n.			disadvantage, drawback, downside
10760	pxawngip	n.			environment
10764	palulukantsyìp	n.			cat (earth animal); lit. little palulukan
10768	zum	n.			object, thing (physical or tangible)
10772	hìpey	vin.	hìp<0><1><2>ey		hesitate, hold back for a short time
10776	tìhìpey	n.			hesitation
10780	snäm	vin.	sn<0><1><2>äm		rot, decay, degrade over time
10784	kllrikx	n.			earthquake
10788	sälatem	n.			change (instance of), edit, modification
10792	tìlatem	n.			change (abstract concept)
10796	txatx	n.			bubble
10800	lehìpey	adj.			hesitant, in a state of hesitation
10804	nìhìpey	adv.			hesitantly
10808	ronguway	vin.	ronguw<0><1><2>ay		howl
10812	ronguwayyu	n.			howler
10816	ler	adj.			steady, smooth (for motion)
10820	nìler	adv.			steadily
10824	lo'a	n.			totem, amulet
10832	'ewrang	n.			loom
10836	sa'ewrang	n.			mother loom, giant loom
10840	tiretu	n.			shaman
10844	pasuk	n.			berry
10848	vozampasukut	n.			grinch tree, thousand berry tree
10852	paskalin	n.			sweet berry (term of endearment)
10856	fngä'tseng	n.			restroom (on Earth)
10860	mo a fngä'	n.			restroom (on Earth)
10864	sa	vin.	s<0><1><2>a		rise to a challenge
10884	tanleng	n.			bark (of a tree)
10888	syokup	n.			weight (physical)
10892	kewan	n.			age
10896	tìnvi	n.			task, errand, step (in an instruction)
10900	tìnvi si	vin.	tìnvi s<0><1><2>i		perform a task, run an errand
10904	txanwetseng	n.			personally significant or beloved place, heimat (ger.)
10908	penghrr	vin.	pengh<0><1><2>rr		warn
10912	säpenghrr	n.			warning
10916	tì'ul	n.			increase
10920	eyawrfya	n.			right way (of doing something), correct path
10924	stiwi	n.			mischief
10928	stiwi si	vin.	stiwi s<0><1><2>i		be naughty, do mischief
10932	stiwinga'	adj.			mischievous
10936	stiwisiyu	n.			mischief-maker
10940	rawng	n.			entrance, doorway
10944	syewe	n.			fat (substance in meat)
10948	syewenga'	adj.			fatty
10952	laro si	vin.	laro s<0><1><2>i		clean, make free of dirt
10956	slukx	n.			horn of an animal
10960	tsin	n.			nail, claw
10964	ue'	vtr.	<0><1>u<2>e'		vomit, vomit up
10968	nantangtsyìp	n.			dog (earth animal); lit. little nantang
10972	hiup	vtr.	h<0><1>i<2>up		spit, spit out
10980	räptum	adj.			coarse, vulgar, socially unacceptable
10984	txanlokxe	n.			clan or tribal domain, country
10988	tsamsä'o	n.			weapon of war
10992	tìtxurnga'	adj.			powerful (physically, nfp)
10996	leym	vin.	l<0><1><2>eym		call, cry out, exclaim (can take quotes using "san")
11000	nìzen	adv.			necessarily
11004	kenzen	adv.			not necessarily
11008	pllhrr	vin.	p<0><1><2>llhrr		warn
11012	säpllhrr	n.			warning
11024	tspìng	n.			austrapede
11028	mawup	n.			turtapede
11032	pawk	n.			horn, wind instrument
11048	tekre	n.			skull
11056	ionar	n.			banshee rider visor
11072	mo'ara	n.			gathering place
11080	tìsung	n.			addition, post script
11084	tìng ontu	vin.	t<0><1><2>ìng ontu		smell
11088	tìng ftxì	vin.	t<0><1><2>ìng ftxì		taste
11092	satu'li	n.			heritage
11100	tìkxuke	n.			safety
11104	emkä	vtr.	emk<0><1><2>ä		cross
11108	kxu si	vin.	kxu s<0><1><2>i		harm
11112	tswìk	vtr.	tsw<0><1><2>ìk		suck
11116	tswìk kxenerit	vin.	tsw<0><1><2>ìk kxenerit		smoke (lit. to suck smoke)
11120	taksyokx	vin.	t<0><1><2>aksyokx		clap hands
11140	pamuvan	n.			sound play
11144	kemwiä	adj.			improper, unfair, wrong, unjustified
11148	tìkemwiä	n.			unfairness, injustice
11152	leymkem	vin.	l<0><1><2>eymkem		protest
11156	tìleymkem	n.			protesting, protest (abstract concept)
11160	säleymkem	n.			protest, instance of protesting
11164	leymfe'	vin.	l<0><1><2>eymfe'		complain
11168	tìleymfe'	n.			complaining
11172	säleymfe'	n.			complaint
11176	tìleym	n.			call
11180	tìtstunwinga'	adj.			kind (nfp)
11184	tìflänga'	adj.			successful (nfp)
11188	ekxan si	vin.	ekxan s<0><1><2>i		exclude, keep out, bar
11192	nìtsleng	adv.			falsely
11196	kawl	adv.			hard, diligently
11200	yawntutsyìp	n.			darling, little loved one
11208	weopx	n.			wave (of water)
11212	leweopx	adj.			wave-like
11216	tsìltsan	n.			good (abstract concept), goodness
11220	lerìn	adj.			wooden, of wood
11224	letskxe	adj.			stony, of stone
11228	pìsaw	adj.			clumsy, accident-prone
11232	tìpsaw	n.			clumsiness
11236	txintseng	n.			base of operations
11240	lanay'ka	n.			slinger
11244	ilu	n.			large plesiosaurlike sea creature
11248	sye'otxang	n.			wind instrument
11252	vurway	n.			story poem, narrative poem
11260	txopu sleyku	vtr.	txopu sleyk<0><1><2>u		frighten
11284	paytxew	n.			shoreline, water's edge
11288	lì'ukìng	n.			sentence
11292	lì'ukìngvi	n.			phrase
11296	lì'kong	n.			syllable
11300	lì'uvi	n.			affix
11304	eolì'uvi	n.			prefix
11308	syonlì'u	n.			adjective
11312	fyalì'u	n.			adverb
11316	starlì'u	n.			adposition
11320	tilì'u	n.			conjunction
11324	vonvä'	n.			butthole, asshole, dickhead (vulgar)
11332	yo'kofya	n.			cycle
11336	tì'iluke	adj.			endless, neverending (in a temporal sense)
11340	txanso'hayu	n.			fan, enthusiast
11344	'oktrr	n.			day of commemoration
11348	so'yu	n.			fan, enthusiast (colloquial form of txanso'hayu)
11352	zìsìtsaltrr	n.			(yearly) anniversary
11356	zìtsaltrr	n.			yearly anniversary (colloquial form of zìsìtsaltrr)
11360	tsukx	vtr.	ts<0><1><2>ukx		stab
11364	ripx	vtr.	r<0><1><2>ipx		pierce
11368	sävll	n.			sign, indication, signal
11376	tstxolì'ukìngvi	n.			noun phrase (phrase whose pivotal or central word is a noun)
11380	kxì	intj.			hi, hiya, hey
11384	aho	vin.	<0><1>ah<2>o		pray
11388	tìaho	n.			prayer (in general, abstract idea)
11392	saho	n.			a prayer
11396	syawn	n.			blessing
11400	tìng syawn	vin.	t<0><1><2>ìng syawn		bless
11404	parul	n.			miracle
11408	parulnga'	adj.			miraculous (nfp)
11412	parultsyìp	n.			term of affection for children
11416	keltrrtrr	adj.			unusual
11420	txankeltrrtrr	adj.			extraordinary
11424	nìtxankeltrrtrr	adv.			extraordinarily
11428	hafyon	n.			wisdom
11432	lafyon	adj.			wise
11436	hafyonga'	adj.			wise (nfp)
11440	fkxara	n.			stress (mental or emotional feeling)
11444	fkxaranga'	adj.			stressful
11448	afpawng	n.			grief
11452	afpawng si	vin.	afpawng s<0><1><2>i		grieve
11456	keyn	vtr.	k<0><1><2>eyn		put down
11460	palon	vin.	p<0><1>al<2>on		burn
11464	rem	n.			fuel
11468	tong	vtr.	t<0><1><2>ong		put out, quench (fire)
11472	reypaytun	adj.			red ("blood tun")
11476	txeptun	adj.			orange ("fire tun")
11480	vultsyìp	n.			stick
11484	'opinvultsyìp	n.			crayon
11488	pinvul	n.			crayon
11492	srankehe	part., intj.			more or less, somewhat, yes and no, kind of
11496	tì'ongokx	n.			birth
11500	rìkxi	vin.	r<0><1>ìkx<2>i		tremble, shake, shiver
11504	nìrìkxi	adv.			shakily, tremblingly
11508	kawkxan	adj.			free, unblocked, unobstructed, clear
11512	fnelan	n.			male
11516	fnele	n.			female
11520	lefnelan	adj.			male
11524	lefnele	adj.			female
11528	fwìng	n.			humiliation, embarrassment, loss of face
11532	fwìng si	vin.	fwìng s<0><1><2>i		humiliate
11536	fyawìntxuyu	n.			guide
11540	han	vtr.	h<0><1><2>an		lose (to not gain/keep)
11544	tìhan	n.			loss (not a gain)
11548	hipx	vtr.	h<0><1><2>ipx		control
11552	tìhipx	n.			control
11556	snotipx	n.			self-control
11560	kämunge	vtr.	käm<0><1>ung<2>e		take
11564	kawnomum	adj.			unknown
11568	le'awtu	adj.			alone, on one's own, by one's self; lonely
11572	lie si	vin.	lie s<0><1><2>i		experience
11576	liswa	n.			nourishment
11580	liswa si	vin.	liswa s<0><1><2>i		nourish, provide nourishment
11584	meuia si	vin.	meuia s<0><1><2>i		honor
11588	meyptu	n.			weakling
11592	nafpawng	adv.			grievingly, with grief
11596	nìt'iluke	adv.			never-endingly, forever
11600	nongspe'	vtr.	n<0><1>ongsp<2>e'		pursue with an intent to capture
11604	tìsyortsyìp	n.			break, small rest or relaxation
11608	to tìtseri	ph.			than is apparent, than you are aware of
11612	tswal	n.			power
11616	letswal	adj.			powerful (any sense, ofp)
11620	tswalnga'	adj.			powerful (any sense, nfp)
11624	tswesya	n.			current
11628	tswesya si	vin.	tswesya s<0><1><2>i		flow
11632	txe'lankong	n.			heartbeat
11636	txurtu	n.			strongman/woman, brawny person
11640	tìtxantslusam	n.			wisdom (seldom used)
11644	pamrelvul	n.			pen, pencil, lit. "writing stick"
11648	relvul	n.			pen, pencil, lit. "writing stick" (short form of pamrelvul)
11652	pamrelvul lerìn	n.			pencil, lit. "wooden writing stick"
11656	pensìl	n.			pencil
11660	'opinsung	vtr.	'opins<0><1><2>ung		color, color in
11664	uolì'uvi	n.			suffix
11668	'on si	vin.	'on s<0><1><2>i		shape, give shape (to something)
11672	kxange	vin.	kx<0><1>ang<2>e		yawn
11676	säkxange	n.			yawn
11680	walew	vin.	w<0><1>al<2>ew		get over, accept some fact, reconcile oneself, move on
11684	nìnew	adv.			voluntarily, willingly, by desire
11688	tawtxew	n.			horizon, skyline
11692	frir	n.			layer
11696	lefrir	adj.			layered
11700	nìfrir	adv.			in layers
11704	leyr	adj.			frozen
11708	leyr si	vin.	leyr s<0><1><2>i		freeze (something)
11712	lesar si	vin.	lesar s<0><1><2>i		be useful, be of use, come in handy
11716	leftxozä	adj.			celebratory
11720	Kelnì	prop.n.		loanword	Köln, Cologne
11724	Poston	prop.n.			Boston
11728	Nìyu Yorkì	prop.n.		loanword	New York
11732	fpxamo	adj.			terrible, horrible, awful
11736	tìfpxamo	n.			horror
11740	nìfpxamo	adv.			horribly, terribly, awfully
11744	tsyul	vtr.	tsy<0><1><2>ul		begin, start
11748	tìtsyul	n.			beginning, start (can be a place or time)
11752	nawang	vin.	n<0><1>aw<2>ang		merge, become one with
11756	lamaytxa	n.			flood
11760	oare	n.			moon
11764	vospxì'aw	n.			January
11772	vospxìmun	n.			February
11776	vospxey	n.			March
11780	vospxìtsìng	n.			April
11784	vospxìmrr	n.			May
11788	vospxìpuk	n.			June
11792	vospxìkin	n.			July
11796	vospxìvol	n.			August
11800	vospxìvolaw	n.			September
11804	vospxìvomun	n.			October
11808	vospxìvopey	n.			November
11812	vospxìvosìng	n.			December
11816	zìskrrsom	n.			summer
11820	zìskrrwew	n.			winter
11824	paw	vin.	p<0><1><2>aw		grow; germinate and develop (of a plant)
11828	tìpaw	n.			growth
11832	zìskrrmipaw	n.			spring
11836	tsawn	vtr.	ts<0><1><2>awn		gather growing food from the forest; pick; harvest (in agriculture)
11840	zìskrrtsawn	n.			autumn, fall
12961	'asap	n.			sudden shock
12962	'asap si	vin.	'asap s<0><1><2>i		be shocked, be startled
12963	fe'pey	vin.	fe'p<0><1><2>ey		feel dread, expect something bad to happen, fear (with tsnì for thing dreaded) (ii)
12964	ketrìp	adj.			unfortunate, inauspicious
12965	txansngum	n.			desperation; feeling of great worry
12966	txansngum si	vin.	txansngum s<0><1><2>i		feel desperate
12967	tskawr	vin.	tsk<0><1><2>awr		limp
12968	txavä'	adj.			disgusting
12969	nìflä	adv.			successfully
12970	txantsawl	adj.			giant, huge
12971	txasunu	vin.	txas<0><1>un<2>u		love greatly, enjoy tremendously
12972	zeykoyu	n.			healer
12973	tìranpam	n.			footstep (sound)
12974	ftuopa	adp.			from behind
12975	fyeng	adj.			steep
12976	kavan	vtr.	k<0><1>av<2>an		support (physically)
12977	lepxìmrun	adj.			common, often found
12978	kelpxìmrun	adj.			rare
12979	zung	vin.	z<0><1><2>ung		crouch
12980	fpivìl	intj.			hmm, let's see, let me think
12981	kom	vim.	k<0><1><2>om		dare
12982	mam	vtr.	m<0><1><2>am		wrap
12983	yomvey	vin.	y<0><1><2>omvey		dine on flesh, be carnivorous
12984	yomzeswa	vin.	y<0><1><2>omzeswa		graze (ii)
12985	txap	vtr.	tx<0><1><2>ap		press, press on, apply (physical) pressure to
12986	tìtxap	n.			pressure (physical)
12987	semkä	n.			bridge
12988	emkäfya	n.			ford, crossing
12989	fil	n.			child's toy, plaything
12990	sunkesun	adv.			like it or not
12991	maitan	ph.			my son (form of address)
12992	maite	ph.			my daughter (form of address)
12993	loho	vin.	l<0><1>oh<2>o		be surprising (experiencer in dative)
12994	tìloho	n.			surprise
12995	nìloho	adv.			surprisingly
12996	Tsawkenay	n.			Alpha Centauri B
12997	Tawsnrrtsyìp	n.			Alpha Centauri C aka Proxima Centauri
12998	Snrrtsyìp	n.			Alpha Centauri C aka Proxima Centauri (Colloquial)
12999	kuru	n.			neural queue
13000	nìtxukx	adv.			deeply
13001	raw	adp.			down to
13002	kantseng	n.			destination
13003	la'a	n.			physical separation, distance between two places or objects
13004	pela'a	inter.			how near, how far, what distance
13005	la'ape	inter.			how near, how far, what distance
13006	pelìmsim	inter.			how near, how far
13007	lìmsimpe	inter.			how near, how far
13008	keynven	vin.	k<0><1><2>eynven		step
13009	ralke	adj.			meaningless, devoid of content
13010	tìfkeytongay	n.			reality
13011	lefkeytongay	adj.			real
13012	säsrese'a	n.			a prediction
13013	fyìpmaut	n.			squid fruit tree
13014	fyìp	n.			tendril, tentacle
13015	koaktutral	n.			goblin thistle
13016	lanutral	n.			dandetiger
13017	lan	n.			resin
13018	paysyul	n.			water lily
13019	rumaut	n.			cannonball fruit tree
13020	tsawksyul	n.			sun lily
13021	tumpasuk	n.			celia fruit tree
13022	fyuatx	n.			anemonoid
13023	lortsyal	n.			shimmyfly
13024	nalutsa	n.			large armored whalelike sea creature
13025	skuka	n.			sagittaria
13026	srakat	n.			dinicthoid
13027	tsiki	n.			reef tick
13028	teylupil	n.			teylu-face (vulgar)
13029	kalweyaveng	n.			son of a bitch (vulgar)
13030	txanfwìngtu	n.			bastard, loser (vulgar)
13031	kurkung	n.			asshole (vulgar)
13032	kung	adj.			putrid, fetid, rotten
13033	stä'nìpam	n.			recording
13034	stä'nìpam si	vin.	stä'nìpam s<0><1><2>i		to record
13035	pxoe	pn.			we three, us three (exclusive)
13036	lìktap	adj.			crooked
13037	ventil	n.			ankle
13038	hupx	vtr.	h<0><1><2>upx		miss, not hit a target
13039	tsawtsray	n.			small or medium-sized city
13040	txantsawtsray	n.			large city, metropolis
13041	Akwey	prop.n.			male Na'vi
13042	Amhul	prop.n.			female Na'vi
13043	Anurai	prop.n.			Na'vi Clan name
13044	Aonung	prop.n.			male Na'vi of the Metkayina Clan
13045	Ateyitan	prop.n.			son of Ateyo
13046	Ateyo	prop.n.			male Na'vi
13047	ayRam aLusìng	prop.n.			the Floating Mountains
13048	ayVitrayä Ramunong	prop.n.			Well of Souls
13049	Änsìt	prop.n.			male Na'vi
13050	Entu	prop.n.			male Na'vi
13051	Eytukan	prop.n.			male leader of the Omatikaya
13052	Eywa	prop.n.			world spirit, Gaia
13053	Eywa'eveng	prop.n.			Pandora
13054	Iknimaya	prop.n.			Stairway to Heaven, the rite of passage for young Na'vi
13055	Ìstaw	prop.n.			male Na'vi
13056	Kamun	prop.n.			male Na'vi
13057	Kekunan	prop.n.			Na'vi Clan name
13058	Kelutral	prop.n.			Hometree
13059	Lì'ona	prop.n.			Na'vi Clan name
13060	Lo'ak	prop.n.			Jake and Neytiri's second born son
13061	Lo'akur	prop.n.			Toruk Makto Amulet
13062	Metkayina	prop.n.			Reef People Clan
13063	Mo'ara	prop.n.			a valley on Pandora (Note: Also the name of the Disney Pandora location)
13064	Mo'at	prop.n.			tsahìk of the Omatikaya
13065	Mo'at'ite	prop.n.			daughter of Mo'at
13067	Naranawm	prop.n.			Polyphemus
13068	Nawmtoruktek	prop.n.			Toruk Makto Totem
13069	Neteyam	prop.n.			Jake and Neytiri's first born son
13070	Newey	prop.n.			female Na'vi
13071	Neytiri	prop.n.			female Na'vi of the Omatikaya Clan
13072	Ninat	prop.n.			female singer of the Omatikaya Clan
13073	Omatikaya	prop.n.		genitive=omatikayaä	Blue Flute Clan
13074	Otranyu	prop.n.			clan name
13075	Peyral	prop.n.			female Na'vi of the Omatikaya Clan
13076	Pongu Pongu	prop.n.			party party (irregular use; Name of bar at Disney's Pandora - The World of Avatar)
13077	Ralu	prop.n.			male Na'vi
13078	Rini	prop.n.			female Na'vi
13079	Ronal	prop.n.			Female Na'vi of the Metkayina Clan
13080	Rongloa	prop.n.			Na'vi Clan name
13081	Rotxo	prop.n.			male Na'vi of the Metkayina Clan
13082	Satu'li	prop.n.			Canteen in the Valley of Mo'ara
13083	Seze	prop.n.			Neytiri's banshee
13084	Silwanin	prop.n.			Neytiri's sister
13085	Sorewn	prop.n.			female Na'vi
13086	Swotulu	prop.n.			sacred river
13087	Swotu Wayä	prop.n.			sacred place of song
13088	Tawkami	prop.n.			Na'vi Clan name
13090	Tipani	prop.n.			Na'vi Clan name
13091	Tonowari	prop.n.			male Na'vi of the Metkayina Clan
13092	Tsahìk	prop.n.			head shaman, high priest, interpreter
13093	Tsenu	prop.n.			female Na'vi
13094	Tsireya	prop.n.			female of the Metkayina Clan
13095	Tskaha	prop.n.			Na'vi Clan name
13096	Tsu'tey	prop.n.			male of the Omatikaya Clan
13098	Tuke	prop.n.			female Na'vi
13099	Tuktirey	prop.n.			Jake and Neytiri's daughter
13100	Txärpawk	prop.n.			Palulukan Bone Horn
13101	Txewì	prop.n.			male Na'vi
13102	Txilte	prop.n.			female Na'vi
13103	Uniltaron	prop.n.			Dream Hunt
13104	Utral Aymokriyä	prop.n.			Tree of Voices
13105	Va'ru	prop.n.			male Na'vi
13106	Vitrautral	prop.n.			Tree of Souls
13107	pemsu	inter.			what two people
13108	mesupe	inter.			what two people
13109	pepsu	inter.			what three people
13110	pxesupe	inter.			what three people
13111	paysu	inter.			what people
13112	aysupe	inter.			what people
13113	pestan	inter.			what man
13114	tutampe	inter.			what man
13115	pemstan	inter.			what two men
13116	mestampe	inter.			what two men
13117	pepstan	inter.			what three men
13118	pxestampe	inter.			what three men
13119	paystan	inter.			what men
13120	aystampe	inter.			what men
13121	peste	inter.			what woman
13122	tutepe	inter.			what woman
13123	pemste	inter.			what two women
13124	mestepe	inter.			what two women
13125	pepste	inter.			what three women
13126	pxestepe	inter.			what three women
13127	payste	inter.			what women
13128	aystepe	inter.			what women
13129	yokx	n.			shield
13130	smaw	vtr.	sm<0><1><2>aw		approve of
13131	tìsmaw	n.			approval
13132	natxu	vtr.	n<0><1>atx<2>u		disapprove of
13133	tìnatxu	n.			disapproval
13134	la'um	vin.	l<0><1>a'<2>um		pretend (use with tsnì)
13135	tìla'um	n.			pretence
13136	tsaktap	n.			violence
13137	letsaktap	adj.			violent
13138	tsaktap si	vin.	tsaktap s<0><1><2>i		be violent, use violence
13139	mungwrrtxo	conj.			unless, except if (usually used with subjunctive <iv>)
13140	tìvirä	n.			spread, proliferation
13141	wrrkä	vin.	wrrk<0><1><2>ä		go out, go outside
13142	txung	vtr.	tx<0><1><2>ung		disturb, disrupt, bother, affect negatively
13143	palang	vtr.	p<0><1>al<2>ang		contact (in a social sense), communicate with
13144	tìpalang	n.			(social) contact
13145	tstunkem	n.			favor, act of kindness (usually pronounced tstungkem)
13146	tstunkem si	vin.	tstunkem s<0><1><2>i		do a favor
13147	tstunkemtsyìp	n.			little favor
13148	säfrìp	n.			a bite
13149	tsawng	vin.	ts<0><1><2>awng		shatter, break into pieces
13150	pon	vtr.	p<0><1><2>on		balance
13151	mei	adj.			wet
13152	meitayo	n.			wetlands
13153	lipx	vin.	l<0><1><2>ipx		drip
13154	fäpyo	n.			roof
13155	sälipx	n.			drop (of a liquid)
13156	kxutslu	n.			risk
13157	lekxutslu	adj.			risky
13158	fura	sbd.			that (dative)
13159	tsìpxì	n.			one-fourth
13160	mrrpxì	n.			one-fifth
13161	pupxì	n.			one-sixth
13162	kipxì	n.			one-seventh
13163	vopxì	n.			one-eighth
13164	sänume si	vin.	sänume s<0><1><2>i		teach, instruct, give instruction
13165	vun	vtr.	v<0><1><2>un		provide
13166	lew säpi	vin.	lew säp<0><1><2>i		cover oneself
13167	piak säpi	vin.	piak säp<0><1><2>i		open oneself, open by itself, open on its own
13168	tstu säpi	vin.	tstu säp<0><1><2>i		close oneself, close by itself, close on its own
13169	ioi säpi	vin.	ioi säp<0><1><2>i		adorn oneself
13170	tsawlapx	n.			unidelta tree, lit. tall large root
13171	yìmkxa	n.			banshee catcher, mouth-binder
13172	äzan	n.			force, compulsion
13173	äzan si	vin.	äzan s<0><1><2>i		force, compel
13174	äzanluke	adv.			voluntarily, without force or compulsion
13175	äzantu	n.			domineering person; one who is bossy, authoritarian, or dictatorial
13176	nìsok	adv.			recently
13177	kemuia	n.			dishonor
13178	kemuia si	vin.	kemuia s<0><1><2>i		dishonor
13179	tìfnawe'	n.			cowardice
13180	kemuianga'	adj.			dishonorable
13181	tìkankxan	n.			barrier to one’s goals, source of frustration
13182	tìkankxanga'	adj.			frustrating
13183	lekxan	adj.			blocked, obstructed; frustrated
13184	ftanglen	vtr.	ft<0><1>angl<2>en		prevent
13185	tìftanglen	n.			prevention
13186	pxawtxap	vtr.	pxawtx<0><1><2>ap		squeeze
13187	plltxepam	n.			speech sound; phoneme
13188	koren ayll	n.			law, societal rule
13189	leykek	vtr.	leyk<0><1><2>ek		enforce
13190	horenleykekyu	n.			law enforcer, police officer
13191	leykekyu	n.			law enforcer, police officer (colloquial, short for horenleykekyu)
13192	zevakx	adj.			cruel (ofp)
13193	tìzevakx	n.			cruelty
13194	tìzevakxnga'	adj.			cruel (nfp)
13195	nìzevakx	adv.			cruelly
13196	fmong	vtr.	fm<0><1><2>ong		steal, rob
13197	tìfmong	n.			theft
13198	fmongyu	n.			thief
13199	le'Ìnglìsì	adj.			English, of the English language
13200	'ak	intj.			ow, ouch
13201	he'a	vin.	h<0><1>e'<2>a		cough
13202	sähe'a	n.			a cough, instance of coughing
13203	fwal	vtr.	fw<0><1><2>al		wipe
13204	pìtìk	vtr.	p<0><1>ìt<2>ìk		scratch non-harmfully, as an itch
13205	tsupx	vtr.	ts<0><1><2>upx		scratch harmfully, as with a claw
13206	ngungung	vtr.	ng<0><1>ung<2>ung		rub
13207	lonusye	vin.	l<0><1>on<2>usye		exhale; blow
13208	mungsye	vin.	m<0><1><2>ungsye		inhale
13209	kärìp	vtr.	k<0><1>är<2>ìp		push
13210	zärìp	vtr.	z<0><1>är<2>ìp		pull
13211	la'ang	n.			pile of stinking, rotting animal matter
13212	pela'ang	inter., intj.			wth, what the hell (lit. what pile of stinking, rotting animal matter)
13213	pxul	adj.			formidable, imposing
13214	tìpxul	n.			formidableness, imposingness
13215	nìpxul	adv.			formidably, imposingly
13216	säwem	n.			fight
13217	nìtstew	adv.			bravely, courageously
13218	txantxewm	adj.			terrifying
13219	sätseri	n.			observation, something noticed
13220	voìk	n.			behavior, how one conducts oneself
13221	voìk si	vin.	voìk s<0><1><2>i		behave
13222	mu'ni	vtr.	m<0><1>u'n<2>i		accomplish, achieve
13223	tìmu'ni	n.			achievement, accomplishment
13224	leha'	adj.			appropriate, suitable, fitting
13225	swaran	adj.			humble, modest, self-effacing
13226	tìswaran	n.			humility, humbleness
13227	yewn	vtr.	y<0><1><2>ewn		express, convey (a thought or feeling)
13228	tìyewn	n.			expression (of a thought or feeling)
13229	leytslam	vtr.	leytsl<0><1><2>am		appreciate
13230	fpap	vtr.	fp<0><1><2>ap		pound
13231	syar	vin.	sy<0><1><2>ar		stick, stick to, adhere
13232	kxumpaysyar	n.			glue
13233	'onglawn	n.			exhilaration of first bonding
13234	kelha'	adj.			inappropriate
13235	pe'ngay	vin.	p<0><1><2>e'ngay		judge, conclude
13236	tìpe'ngay	n.			conclusion, finding (deduced, thought out)
13237	pe'ngayyu	n.			judge
13238	wrrzärìp	vtr.	wrrz<0><1>är<2>ìp		pull out, extract
13239	txe'lanti wrrzärìp	ph.			to greatly move emotionally (lit.: to pull out the heart)
13240	tìpe'ngayt wrrzärìp	ph.			infer
13241	tìpe'ngayt wrrzeykärìp	ph.			imply
13242	lewn	vtr.	l<0><1><2>ewn		endure, stand, tolerate
13243	ketsuklewn	adj.			intolerable, unacceptable
13244	tsukanom	adj.			available, obtainable
13245	ketsukanom	adj.			unavailable, unobtainable
13246	tìtsukanom	n.			availability
13247	txinfpìl	n.			main point
13248	ngrrfpìl	n.			key assumption
13249	sätarenga'	adj.			relevant, pertinent
13250	kesätarenga'	adj.			irrelevant
13251	letut	adj.			constant, continual
13252	lukftang	adj.			constant, continual
13253	kian	vtr.	k<0><1>i<2>an		blame
13254	kiantu	n.			blameworthy person
13255	zin	adj.			tangled
13256	tìzin	n.			a tangle(ment), mass of something twisted together
13257	tìzin si	vin.	tìzin s<0><1><2>i		tangle, tangle up
13258	kezin	adj.			untangled
13259	tìkezin	n.			something in an untangled state, untanglement solution
13260	tìkezin si	vin.	tìkezin s<0><1><2>i		untangle, solve
13261	tunu	adj.			romantic
13262	tìtunu	n.			romance
13263	tunutu	n.			object of desire, crush
13264	lìngtskxe	n.			unobtanium
13265	säfmong	n.			theft (particular instance)
13266	kakan	adj.			rough (in behavior or treatment)
13267	nìkakan	adv.			roughly (in behavior or treatment)
13268	txaw	vtr.	tx<0><1><2>aw		punish
13269	tìtxaw	n.			punishment
13270	ra'un	vtr.	r<0><1>a'<2>un		surrender, relinquish, give up
13271	tìra'un	n.			surrender, relinquishment
13272	'älek	adj.			determined
13273	tì'älek	n.			determination
13274	nì'älek	adv.			determinedly, with determination
13275	pung	vtr.	p<0><1><2>ung		hurt, injure
13276	lewng	n.			shame
13277	lelewng	adj.			shameful (ofp)
13278	lewnga'	adj.			shameful (nfp)
13279	swapxì	n.			family member
13280	sweyn	vtr.	sw<0><1><2>eyn		keep, preserve, leave alone, not disturb
13281	manawmtu	intj.			excuse me sir, excuse me madam
13282	matu	intj.			excuse me, hey (conversation starter)
13283	manga	intj.			hey, hey you
13284	Eyweveng	prop.n.			Pandora (colloquial, short for Eywa'eveng)
13285	zawsena	n.			quiver (attached to ikran's saddle; shortened form of swizawsena)
13286	hayalovay	intj.			until next time
13287	säfrrfen	n.			visit
13288	'avun	vtr.	'<0><1>av<2>un		save (time, food, etc.)
13289	tarep	vtr.	t<0><1>ar<2>ep		save, rescue (from a dangerous or distressing situation)
13290	tareptu	n.			rescuee, someone who has been rescued or saved
13291	sätarep	n.			rescue, an incidence of rescuing
13292	tsantu	n.			good person, "good guy"
13293	kawngtu	n.			bad person, "bad guy"
13294	tìk	adv., conj.			immediately, without delay
13295	spakat	vin.	sp<0><1>ak<2>at		drown
13296	fwum	vin.	fw<0><1><2>um		float (on the surface of a liquid)
13297	wapx	vin.	w<0><1><2>apx		sink
13298	tamìfa	adj.			internal
13299	tawrrpa	adj.			external
13300	zam mì zam	adv.			completely, one hundred percent
13301	tsantxäl	n.			invitation
13302	tsantxäl si	vin.	tsantxäl s<0><1><2>i		invite
13303	say	adj.			loyal
13304	tìsay	n.			loyalty
13305	nìsay	adv.			loyally
13306	särangal	n.			wish
13307	txopunil	n.			nightmare
13308	krro krro	ph.			at times, on occasion
13309	tsar	pn.			that, it (as dative indirect object)
13310	tsari	pn.			that, it (as topical)
13311	poho	pn.			they (3rd person singular honorific)
13312	pohe	pn.			she (honorific)
13313	pohan	pn.			he (honorific)
13314	henga	n.			formally polite behavior
13315	henga si	vin.	henga s<0><1><2>i		act in a formally polite or honorific way
13316	txanro'tu	n.			famous person, celebrity
13317	leheng	adj.			formally polite
13318	lì'fyeng	n.			honorific language
13319	lì'fyeng si	vin.	lì'fyeng s<0><1><2>i		use honorific language
13320	fyengkekin	intj.			no need to use honorific language
13321	lawnoltsim	n.			source of (great) joy
13322	txurtseng	n.			fortification, fortress, bulwark
13323	olo'eyktan	n.			male clan leader
13324	olo'eykte	n.			female clan leader
13325	'eng	n.			beak of a bird or animal
13326	wion	n.			reef
13327	ompu	adj.			fat, corpulent
13328	litsi	adj.			thin, lean, lithe
13329	tsukmong	adj.			reliable, dependable
13330	man	vin.	m<0><1><2>an		belong
13331	tsurak	n.			skimwing
13332	nìtrea	adv.			in spirit, "spirit-ly"
13333	sätsawn	n.			harvest (particular instance)
13334	'eylyong	n.			pet
13335	tsefta	n.			vengeance, revenge
13336	tsefta si	vin.	tsefta s<0><1><2>i		take revenge
13337	tseftanga'	adj.			vengeful
13338	layro	adj.			free (from oppression)
13339	tìlayro	n.			freedom
13340	ti'a	adv.			surprisingly (for unexpectedly positive outcomes)
13341	um'a	adv.			surprisingly (for unexpectedly negative outcomes)
13342	fraw	pn.			everything
13344	val	adv.			diligently, hard, with effort (RN dialect)
13345	kangkem	n.			work (colloquial form of tìkangkem)
13346	txotsafya	adv.			if that's the case, if that's so
13347	tìhangham	n.			laughter
13348	lapx	vtr.	l<0><1><2>apx		regret
13349	tìlapx	n.			regret
13350	uturu	n.			sanctuary, place of refuge
13351	txukxefu	vin.	txukx<0><1>ef<2>u		care, be concerned about, have deep feelings for
13352	tìtxukxefu	n.			care, concern
13353	tsun	n.			heel
13354	lì'fyafnel	n.			dialect, variety of a language
13355	tulkun	n.			tulkun
13356	Payakan	prop.n.			name of a rogue tulkun
13357	syawm	vtr.	sy<0><1><2>awm		know (RN dialect)
13358	huta	adj.			unexpected (usually for positive outcomes)
13359	aylahe	pn.			others, the others (animate or non-animate)
13360	ayla	pn.			others, the others (animate or non-animate)
13361	lante	vin.	l<0><1>ant<2>e		wander
13362	ketartu	n.			outcast
13363	pxazang	n.			akula
13364	Kiri	prop.n.			Jake and Neytiri's adopted daughter
13365	syìmawnun'i	n.			cut tie, dissolved connection
13366	säyìm	n.			tie, something used for binding
13367	tìsyìmawnun'i	n.			independence, freedom from a pre-existing relationship
13369	Anuk	prop.n.			(name)
13370	Ta'unui	prop.n.			(clan name)
13371	Takuk	prop.n.			(name)
13372	Tuk	prop.n.			Jake and Neytiri's daughter
13373	Utraya Mokri	prop.n.			Tree of Voices
13374	palukan	n.			thanator
13375	palukantsyìp	n.			cat (earth animal); lit. little palulukan
13376	tsamkuk	n.			war drum
13377	olo'tu	n.			clan member, member of a community
13378	lì'fyaolo'tu	n.			member of the speaker community (of a language)
13379	pxoeng	pn.			we three, us three (inclusive)
13380	sivako	intj.			Rise to the challenge! Courage! You can do it!
13381	pek	n.			fin (of an aquatic animal)
13382	lak	n.			shell, hard covering of a plant or animal
13383	zeng	n.			crest on the head of a bird or animal
13384	yawr	n.			feather
13385	txim	n.			spike, thorn of a plant
13386	wuwuk	n.			lizard; any of a variety of lizard-like creatures
13387	asip	n.			tall thin mass or pile of something; tower
13388	fyufye	vin.	fy<0><1>ufy<2>e		splash
13389	tslikx	vin.	tsl<0><1><2>ikx		crawl
13390	kara	vtr.	k<0><1>ar<2>a		resist
13391	tìkara	n.			resistance
13392	kawngkem	n.			evil deed, crime
13393	layl	adj.			innocent
13394	tìlayl	n.			innocence
13395	nìlayl	adv.			innocently
13396	tokat	adj.			guilty
13397	tìtokat	n.			guilt
13398	nìtokat	adv.			guiltily
13400	Artsut	prop.n.			(name)
13401	puwup	vin.	p<0><1>uw<2>up		bounce
13402	pam si	vin.	pam s<0><1><2>i		make a sound
13403	vakx	n.			snake
13404	kafi	n.			sail
13405	kafi si	vin.	kafi s<0><1><2>i		to sail, move by means of a sail
13406	kafiuran	n.			sailboat
13407	tayng	n.			thistle-like plant (generic term)
13408	telisi	n.			whirlwind
13409	amay	n.			brook
13410	katir	n.			rainbow
13411	tìspaw	n.			belief (abstract concept)
13412	säspaw	n.			belief (particular instance)
13413	ukyom	n.			eclipse
13414	ukyom si	vin.	ukyom s<0><1><2>i		eclipse
13415	txakrrfpìl	vtr.	txakrrfp<0><1><2>ìl		consider, ponder
13416	haway	n.			lullaby
13417	yewla si	vin.	yewla s<0><1><2>i		disappoint
13418	kemum	ph.			I don't know
13419	flrrtsawl	n.			sailfin goliath
13420	kinglor	n.			kinglor
13421	nawkx	n.			bone helm rhino
13422	reyptswìk	n.			wolf tick
13423	slotsyal	n.			stormglider
13424	tslikxyu latopin	n.			chamelion crawler
13425	tslikxyu tsawlak	n.			scarab crawler
13426	txampam	n.			soundblast colossus
13427	txeptsyal	n.			coronis
13428	vekreng	n.			cloaked panther
13429	winzaw	n.			arrow deer
13430	yoten	n.			yoten
13431	zakru	n.			zakru
13432	eanfwopx	n.			mist bloom
13433	hiupwopx	n.			cloud spitter
13434	ko'onspul	n.			sunflower gigantus
13435	kxetsikran	n.			banshee's tail
13436	naritxim	n.			eyethorn
13437	paymaut	n.			fountain tree
13438	syep'an	n.			lift vine, trap vine
13439	tarsyu	n.			tarsyu
13440	tompatayng	n.			rain thistle
13441	txepvispxam	n.			sparkle pod
13442	yawrwll	n.			feather blade
13443	yìspul	n.			mermaid tail
13444	komum	ph.			don't know
13445	nì'Ìnglìsì	adv.			in English
13446	nga'prrnen	vin.	ng<0><1><2>a'prrnen		be pregnant (for people)
13447	renu ngampamä	n.			rhyme scheme
13448	tsala	sbd.			that (agentive)
13449	tsara	sbd.			that (dative)
13450	nun	adj.			long (of time)
13451	nunyol	n.			duration, length (of time)
13452	penunyol	inter.			what length, how long (of time)
13453	nunyolpe	inter.			what length, how long (of time)
13454	pengimpup	inter.			what length, how long (of physical extension)
13455	ngimpuppe	inter.			what length, how long (of physical extension)
13456	zìsìtnun	n.			leap year
13457	zìsìtnuntrr	n.			leap year day
13458	eltut heykahaw	ph.			be boring, bore
13459	skeykx	adj.			bored
13460	nga'lini	vin.	ng<0><1><2>a'lini		be pregnant (for animals)
13461	tìnga'prrnen	n.			pregnancy (for people)
13462	tìnga'lini	n.			pregnancy (for animals)
13463	kakmokri	adj.			mute
13464	tìkakmokri	n.			muteness
13465	nìkakmokri	adv.			mutely
13466	säfpìlyewn	vin.	säfpìly<0><1><2>ewn		communicate
13467	tìsäfpìlyewn	n.			communication (colloquial pronunciation: tsäfpìlyewn)
13468	pamtseovi	n.			musical piece
13469	pxawtok	vtr.	pxawt<0><1><2>ok		surround
13470	ehetx	n.			excuse
13471	ehetx si	vin.	ehetx s<0><1><2>i		make an excuse, make excuses
13472	ken	adp.			despite, in spite of
13473	räptulì'u	n.			coarse or swear word
13474	räptulì'fya	n.			coarse, vulgar language
13475	nìräptum	adv.			coarsely, vulgarly
13476	plltxe räptum	vin.	p<0><1>lltx<2>e räptum		to speak vulgarly, use vulgar language, swear
13477	katìng	vtr.	kat<0><1><2>ìng		distribute
13478	tìkatìng	n.			distribution
13479	tsyang	n.			swarm
13480	luan	vtr.	l<0><1>u<2>an		owe
13482	flel	vtr.	fl<0><1><2>el		trick (someone), fool (someone)
13483	säflel	n.			trick, hoax, dishonest act or scheme
13484	tìflel	n.			trickery (abstract concept)
13485	fleltu	n.			fool, sucker, mark, someone easily tricked
13486	fleltrr	n.			April Fool’s Day
13487	säfleltsyìp	n.			practical joke
13488	hawntu	n.			one under someone’s protection
13489	säsrung	n.			helper (inanimate), something that helps
13490	txawnulsrung	n.			machine
13491	txawnulsrung a yur	n.			washing machine
13492	txawnulsrung a tswayon	n.			airplane
13493	kahena	vtr.	kah<0><1>en<2>a		transport
13494	tìkahena	n.			transportation (abstract concept)
13495	säkahena	n.			means of transport, transportation device, vehicle
13496	mawuptsyìp	n.			turtle
13497	Kerìsmìsì	prop.n.		loanword	Christmas
13498	limang	n.			moot
13499	trrpxì	n.			Part of a day; hour
13500	trrpxì Sawtuteyä	n.			hour (in the 24-hour human cycle)
13501	pxevotrrpxì	n.			hour (in the 24-hour human cycle)
13502	trrpxìvi	n.			minute
13503	trrpxìvitsyìp	n.			second
13504	lik	n.			point, spot, particular place or position in some area
13505	krrlik	n.			point in time
13506	pesrrpxì	inter.			what time?
13507	trrpxìpe	inter.			what time?
13508	pehrrlik	inter.			what time?
13509	krrlikpe	inter.			what time?
13510	nìmip	adv.			anew
13511	tsyokxtil	n.			wrist
13512	zektil	n.			knuckle
13513	tstir	n.			palm of a hand
13514	stang	n.			torso
13515	sil	n.			body stripe (non-facial)
13516	tski	n.			jaw
13517	kxon	n.			internal organ
13518	rumtsyokx	n.			fist
13519	rìktsyokx	n.			flat hand
13520	heynyì	n.			lap, the flat surface created when sitting
13521	rawnlì'u	n.			pronoun
13522	pamrìrlì'u	n.			onomatopoetic word
13523	tìtok	n.			presence
13524	tìktok	n.			absence
13525	pamtsyìp	n.			small or slight sound
13526	tskxemauti	n.			nut
13527	yayl	n.			nonsense, gibberish, bullshit
13528	leyayl	adj.			nonsensical
13529	tìtxanro'a	n.			fame, glory
13530	zeklor	adj.			pleasant to the touch
13531	mawftxele	adv.			belatedly, in hindsight, after the fact, as an afterthought
13532	e	intj.			oh, ah (interjection of realization)
13533	txìmya	n.			fart, gas emitted from the anus
13534	txìmya si	vin.	txìmya s<0><1><2>i		to fart
13535	Tsyeyk	prop.n.			name of Jake
13536	Suli	prop.n.			family name Sully
13537	mo letrrtrr	n.			living room (on Earth)
13538	mo a yom	n.			dining room (on Earth)
13539	mo a hahaw	n.			bedroom (on Earth)
13540	soleia	intj.			Congratulations! Nice going! You met the challenge! You did it!
13541	sasya	intj.			I'll rise to the challenge! I can do it!
13542	vozam	num.			five hundred twelve
13543	zazam	num.			four thousand ninety six
13544	zave	num.			sixty-fourth (ordinal)
13545	keve'o	n.			chaos, disorder
13546	lekve'o	adj.			chaotic
13547	vurtu	n.			fictional character
13548	tstunlan	adj.			kind-hearted
13549	kalintu	n.			sweet person (term of endearment, less intimate or affectionate than paskalin)
13550	txeym	adj.			interested
13551	tìtxeym	n.			interest
13552	tengralì'u	n.			synonym
13553	wäralì'u	n.			antonym
13554	zal	n.			clay, usually for pottery
13555	let'eylan	adj.			friendly (ofp)
13556	tì'eylanga'	adj.			friendly (nfp)
13557	hasa'	n.			orphan
13558	yehaw	adj.			well-rested, having had enough sleep
13559	tseovi	n.			work of art
13560	tìnitram	n.			happiness
13561	okupsyu	n.			dairy product
13562	stxang	n.			axe, hatchet, tomahawk
13563	tìwätenga'	adj.			controversial (nfp)
13564	velun	n.			logic
13565	säpxor	n.			explosion
13566	txikx	vtr.	tx<0><1><2>ikx		chew
13567	säkeynven	n.			step
13568	kawlo	adv.			not once
13569	tìnitramnga'	adj.			happy (nfp)
13570	tìtxeymtsim	n.			interest (countable)
13571	vitronvä'	n.			butthole, asshole, dickhead (vulgar, full form of vonvä')
13572	tìrun	n.			discovery
13573	teyngra	sbd.			that answer (dative)
13574	teyngria	sbd.			that answer (topical)
13575	teyngä	sbd.			that answer (genitive)
13576	lare	vin.	l<0><1>ar<2>e		be watchful, alert
13577	leiokoaktu	n.			respected elder
13578	leiokoaktan	n.			respected male elder
13579	leiokoakte	n.			respected female elder
13580	keve'otu	n.			troublemaker, one who habitually creates chaos and disorder
13581	kxäl	adj.			apathetic, feeling of apathy
13582	tìkxäl	n.			apathy
13583	nìkxäl	adv.			apathetically
13584	lìlì	n.			breast
13585	hilu	n.			nipple
13586	wantseng	n.			hiding place (temporary)
13587	mu'nitkan	adj.			effective
13588	kemu'nitkan	adj.			ineffective
13589	tìmu'nitkan	n.			effectiveness
13590	nìmu'nitkan	adv.			effectively
13591	txeylan	n.			best friend
13592	napxì	adv.			partially, in part
13593	tsup	n.			chasm, ravine
13594	wätum	n.			antidote
13595	mewn	vin.	m<0><1><2>ewn		sigh
13596	sämewn	n.			sigh, an instance of sighing
13597	tì'ewan	n.			youth (time of life)
13598	tìkoak	n.			old age
13599	kxal	adj.			strict, demanding proper behavior
13600	tìkxal	n.			strictness, discipline
13601	fäkä sìn	vin.	fäk<0><1><2>ä sìn		get on, mount
13602	kllkä ftu	vin.	kllk<0><1><2>ä ftu		get off, dismount
13603	ketengsyon	n.			variety, diversity
13604	leketengsyon	adj.			diverse, various
13605	tengwotx	adj.			uniform, non-diverse
13606	tìtengwotx	n.			uniformity
13607	nawnumtseng	n.			university
13608	kxapay	n.			spit, saliva
13609	kxapay si	vin.	kxapay s<0><1><2>i		salivate
13610	kxapaytsre'	vin.	kxapaytsr<0><1><2>e'		spit
13611	zäfizal	n.			fired clay, ceramic material
13612	ketstun	adj.			unkind, emotionally cold (ofp)
13613	tìktstun	n.			unkindness, coldness
13614	spxintu	n.			sick or ill person
13615	räzekx	n.			curse
13616	tìng räzekx	vin.	t<0><1><2>ìng räzekx		to curse
13617	rayl	adj.			feeling pity and sorrow for someone's misfortune
13618	lornusrr	adj.			radiant
13619	tìktstunga'	adj.			unkind (nfp)
13620	sweri	vtr.	sw<0><1>er<2>i		praise
13621	säkxìm	n.			a command or order
13622	tìsweri	n.			praise (general sense)
13623	säsweri	n.			praise (instance of)
13624	tìswäper	n.			self-praise
13625	lehangham	adj.			laughable, ridiculous, absurd
13626	fenge	vtr.	f<0><1>eng<2>e		mock, ridicule
13627	tìfenge	n.			ridicule
13628	nìleyn	adv.			repeatedly
13629	nal	vin.	n<0><1><2>al		suffer
13630	nalsteng	vin.	n<0><1><2>alsteng		feel empathy or compassion
13631	tìnalsteng	n.			compassion, empathy
13632	lenalsteng	adj.			compassionate (ofp)
13633	tìnalstenga'	adj.			compassionate (nfp)
13634	kxew	intj.			expression of disappointment or frustration when things don't go as planned
13635	txeva	n.			ash (short form of txepìva)
13636	keri	adj.			fierce
13637	lekxu	adj.			harmful
13638	fleyul	n.			falsehood, falsity
13639	tìtsleng	n.			falsehood, falsity
13640	palate	vin.	pal<0><1>at<2>e		crumble, fall apart, disintegrate
13641	fpal	vtr.	fp<0><1><2>al		honor or fulfill a commitment or undertaking
13642	uturtu	n.			refugee, person in need of uturu
13643	kakzir	adj.			numb (for both physical and emotional numbness)
13644	tìkakzir	n.			numbness (for both physical and emotional numbness)
13645	ken	vin.	k<0><1><2>en		behave assertively and with confidence
13646	reypay wrrza'u	vin.	reypay wrrz<0><1>a'<2>u		bleed (used with the topical)
13647	oheng	pn.			we two, us two (dual inclusive, honorific)
13648	txong	n.			Windtrader airship
13649	sru+	adp.			through (moving inside and through a continuous substance, like water, air, or gel)
13650	'ulte	vin.	'ulte		glide
13651	le'awnì'aw	adj.			unique
13652	tì'awnì'aw	n.			uniqueness
13653	säkelpxìmrun	n.			a rarity
13654	lemungwrr	adj.			exceptional
13655	sätäftxu	n.			piece of weaving, a woven thing
13656	wesek	adj.			subtle
13657	tìwesek	n.			subtlety
13658	txanley	vin.	txanl<0><1><2>ey		be invaluable
13659	nuäslew	vtr.	nuäsl<0><1><2>ew		surpass, transcend
13660	huslew	vtr.	husl<0><1><2>ew		accompany
13661	tìhuslew	n.			accompaniment
13662	huslewtu	n.			accompanier, escort, companion
13663	reymtxew	n.			coast, shore
13664	lereymtxew	adj.			coastal
13665	mimu	vtr.	m<0><1>im<2>u		develop
13666	tìmimu	n.			development
13667	fpusìl	adj.			sapient
13668	sätse'a	n.			something seen, a sight
13669	reymsätsa	n.			landscape
13670	txampaysätsa	n.			seascape
13671	txurplltxe	vtr.	txurp<0><1>lltx<2>e		declare
13672	sätxurplltxe	n.			declaration
13673	ru'u	vtr.	r<0><1>u'<2>u		glance at
13674	säru'u	n.			a glance
13675	swayì	n.			generation within a family
13676	parwun	vtr.	p<0><1>arw<2>un		inhabit
13677	parwuntu	n.			inhabitant (ofp)
13678	lätek	vtr.	l<0><1>ät<2>ek		recognize
13679	tìlätek	n.			recognition
13680	tspu'	vtr.	tsp<0><1><2>u'		extend, hold out
13681	ve'o ayruseyä	n.			ecosystem
13682	tìkelpxìmrun	n.			rarity, rareness
13683	kìyevame	intj.			goodbye, see you again soon
13684	zukzuk	n.			Pandoran otterfin (amphibious mammal)
